scorer,Byron,Byron,Byron,Byron,Byron,Byron,Byron,Byron,Byron,Byron,Byron,Byron,Byron,Byron,Byron,Byron,Byron,Byron,Byron,Byron,Byron,Byron,Byron,Byron,Byron,Byron,Byron,Byron,Byron,Byron,Byron,Byron,Byron,Byron,Byron,Byron,Byron,Byron,Byron,Byron,Byron,Byron,Byron,Byron
bodyparts,Nose,Nose,Eye,Eye,Nearknee,Nearknee,Nearfrontfetlock,Nearfrontfetlock,Nearfrontfoot,Nearfrontfoot,Offknee,Offknee,Offfrontfetlock,Offfrontfetlock,Offfrontfoot,Offfrontfoot,Shoulder,Shoulder,Midshoulder,Midshoulder,Elbow,Elbow,Girth,Girth,Wither,Wither,Nearhindhock,Nearhindhock,Nearhindfetlock,Nearhindfetlock,Nearhindfoot,Nearhindfoot,Hip,Hip,Stifle,Stifle,Offhindhock,Offhindhock,Offhindfetlock,Offhindfetlock,Offhindfoot,Offhindfoot,Ischium,Ischium
coords,x,y,x,y,x,y,x,y,x,y,x,y,x,y,x,y,x,y,x,y,x,y,x,y,x,y,x,y,x,y,x,y,x,y,x,y,x,y,x,y,x,y,x,y
labeled-data/Sample4/0155.png,,,,,,,,,,,,,,,,,,,,,,,,,,,,,,,,,,,,,,,,,,,,
labeled-data/Sample4/0156.png,2.6999999999999997,86.7,,,,,,,,,,,,,,,,,,,,,,,,,,,,,,,,,,,,,,,,,,
labeled-data/Sample4/0157.png,2.4,86.1,,,,,,,,,,,,,,,,,,,,,,,,,,,,,,,,,,,,,,,,,,
labeled-data/Sample4/0158.png,3.5999999999999996,90.0,,,,,,,,,,,,,,,,,,,,,,,,,,,,,,,,,,,,,,,,,,
labeled-data/Sample4/0159.png,5.3999999999999995,89.7,,,,,,,,,,,,,,,,,,,,,,,,,,,,,,,,,,,,,,,,,,
labeled-data/Sample4/0160.png,5.3999999999999995,89.7,,,,,,,,,,,,,,,,,,,,,,,,,,,,,,,,,,,,,,,,,,
labeled-data/Sample4/0161.png,6.6,90.0,,,,,,,,,,,,,,,,,,,,,,,,,,,,,,,,,,,,,,,,,,
labeled-data/Sample4/0162.png,8.1,90.0,,,,,,,,,,,,,,,,,,,,,,,,,,,,,,,,,,,,,,,,,,
labeled-data/Sample4/0163.png,8.1,90.3,,,,,,,,,,,,,,,,,,,,,,,,,,,,,,,,,,,,,,,,,,
labeled-data/Sample4/0164.png,9.0,90.89999999999999,,,,,,,,,,,,,,,,,,,,,,,,,,,,,,,,,,,,,,,,,,
labeled-data/Sample4/0165.png,10.799999999999999,91.5,,,,,,,,,,,,,,,,,,,,,,,,,,,,,,,,,,,,,,,,,,
labeled-data/Sample4/0166.png,11.1,90.0,,,,,,,,,,,,,,,,,,,,,,,,,,,,,,,,,,,,,,,,,,
labeled-data/Sample4/0167.png,12.0,90.0,,,,,,,,,,,,,,,,,,,,,,,,,,,,,,,,,,,,,,,,,,
labeled-data/Sample4/0168.png,12.299999999999999,90.0,3.9,74.1,,,,,,,,,,,,,,,,,,,,,,,,,,,,,,,,,,,,,,,,
labeled-data/Sample4/0169.png,14.1,89.7,4.8,74.1,,,,,,,,,,,,,,,,,,,,,,,,,,,,,,,,,,,,,,,,
labeled-data/Sample4/0170.png,15.299999999999999,89.7,6.0,74.1,,,,,,,,,,,,,,,,,,,,,,,,,,,,,,,,,,,,,,,,
labeled-data/Sample4/0171.png,16.2,89.7,6.8999999999999995,72.3,,,,,,,,,,,,,,,,,,,,,,,,,,,,,,,,,,,,,,,,
labeled-data/Sample4/0172.png,18.9,89.7,6.8999999999999995,71.7,,,,,,,,,,,,,,,,,,,,,,,,,,,,,,,,,,,,,,,,
labeled-data/Sample4/0173.png,17.7,86.7,7.5,70.5,,,,,,,,,,,,,,,,,,,,,,,,,,,,,,,,,,,,,,,,
labeled-data/Sample4/0174.png,17.7,86.7,7.8,70.5,,,,,,,,,,,,,,,,,,,,,,,,,,,,,,,,,,,,,,,,
labeled-data/Sample4/0175.png,19.2,85.8,9.6,70.2,,,,,,,,,,,,,,,,,,,,,,,,,,,,,,,,,,,,,,,,
labeled-data/Sample4/0176.png,21.0,85.8,10.5,70.2,,,,,,,,,,,,,,,,,,,,,,,,,,,,,,,,,,,,,,,,
labeled-data/Sample4/0177.png,21.599999999999998,86.1,10.799999999999999,69.89999999999999,,,,,,,,,,,,,,,,,,,,,,,,,,,,,,,,,,,,,,,,
labeled-data/Sample4/0178.png,23.4,86.1,12.299999999999999,69.6,,,,,,,,,,,,,,,,,,,,,,,,,,,,,,,,,,,,,,,,
labeled-data/Sample4/0179.png,23.7,86.1,13.799999999999999,69.6,,,,,,,,,,,,,,,,,,,,,,,,,,,,,,,,,,,,,,,,
labeled-data/Sample4/0180.png,25.5,85.8,14.7,69.0,,,,,,,,,,,,,,,,,,,,,,,,,,,,,,,,,,,,,,,,
labeled-data/Sample4/0181.png,25.8,85.8,15.899999999999999,70.2,,,,,,,,,,,,,,,,,,,,,,,,,,,,,,,,,,,,,,,,
labeled-data/Sample4/0182.png,27.3,85.8,16.8,69.89999999999999,,,,,,,,,,,,,,,,,,,,,,,,,,,,,,,,,,,,,,,,
labeled-data/Sample4/0183.png,28.5,85.5,18.599999999999998,70.5,,,,,,,,,,,,,,,,,,,,,,,,,,,,,,,,,,,,,,,,
labeled-data/Sample4/0184.png,29.7,85.8,20.4,71.1,,,,,,,,,,,,,,,,,,,,,,,,,,,,,,,,,,,,,,,,
labeled-data/Sample4/0185.png,32.1,87.0,21.3,71.1,,,,,,,,,,,,,,,,,,,,,,,,,,,,,,,,,,,,,,,,
labeled-data/Sample4/0186.png,33.9,87.89999999999999,22.2,72.3,,,,,,,,,,,,,,,,,,,,,,,,,,,,,,,,,,,,,,,,
labeled-data/Sample4/0187.png,35.699999999999996,89.39999999999999,24.0,72.0,,,,,,,,,,,,,,,,,,,,,,,,,,,,,,,,,,,,,,,,
labeled-data/Sample4/0188.png,36.9,90.6,26.4,73.2,,,,,,,,,,,,,,,,,,,,,,,,,,,,,,,,,,,,,,,,
labeled-data/Sample4/0189.png,38.4,91.5,29.099999999999998,73.5,,,,,,,,,,,,,,,,,,,,,,,,,,,,,,,,,,,,,,,,
labeled-data/Sample4/0190.png,39.9,93.0,31.2,75.0,,,,,,,,,,,,,,,,,,,,,,,,,,,,,,,,,,,,,,,,
labeled-data/Sample4/0191.png,40.8,93.6,32.4,76.2,,,,,,,,,,,,,,,,,,,,,,,,,,,,,,,,,,,,,,,,
labeled-data/Sample4/0192.png,42.6,94.5,33.9,76.5,,,,,,,,,,,,,,,,,,,,,,,,,,,,,,,,,,,,,,,,
labeled-data/Sample4/0193.png,42.9,94.5,34.5,76.2,,,,,,,,,,,,,,,,,,,,,,,,,,,,,,,,,,,,,,,,
labeled-data/Sample4/0194.png,46.8,94.2,37.5,77.1,4.8,119.39999999999999,,,,,,,,,,,,,,,,,,,,,,,,,,,,,,,,,,,,,,
labeled-data/Sample4/0195.png,47.699999999999996,95.1,38.4,77.1,6.0,119.1,,,,,,,,,,,,,,,,,,,,,,,,,,,,,,,,,,,,,,
labeled-data/Sample4/0196.png,47.699999999999996,94.8,39.3,77.1,7.8,118.5,4.2,134.1,,,,,,,,,,,,,,,,,,,,,,,,,,,,,,,,,,,,
labeled-data/Sample4/0197.png,48.6,94.8,41.1,77.7,9.299999999999999,118.19999999999999,8.1,133.79999999999998,2.1,142.5,,,,,,,,,2.6999999999999997,82.2,,,,,,,,,,,,,,,,,,,,,,,,
labeled-data/Sample4/0198.png,47.4,93.6,42.6,77.39999999999999,11.4,118.19999999999999,12.9,132.9,7.5,143.7,,,,,,,,,3.9,81.0,,,,,,,,,,,,,,,,,,,,,,,,
labeled-data/Sample4/0199.png,50.699999999999996,93.6,42.9,76.8,13.799999999999999,117.3,15.299999999999999,133.2,12.9,143.7,,,,,,,,,5.3999999999999995,81.0,,,,,,,,,,,,,,,,,,,,,,,,
labeled-data/Sample4/0200.png,51.6,92.7,44.4,75.89999999999999,16.2,117.6,18.3,133.2,19.2,144.0,,,,,,,,,6.3,81.0,,,,,,,,,,,,,,,,,,,,,,,,
labeled-data/Sample4/0201.png,51.6,92.7,46.199999999999996,74.1,16.8,117.6,20.099999999999998,133.2,24.0,143.1,,,,,,,5.7,98.39999999999999,7.199999999999999,82.2,,,,,,,,,,,,,,,,,,,,,,,,
labeled-data/Sample4/0202.png,54.6,90.89999999999999,47.1,73.8,18.0,117.6,24.3,133.79999999999998,27.3,142.5,,,,,,,6.6,98.7,9.0,82.2,,,,,,,,,,,,,,,,,,,,,,,,
labeled-data/Sample4/0203.png,57.0,90.0,48.9,72.89999999999999,20.099999999999998,118.5,26.099999999999998,133.5,30.0,142.5,,,,,,,9.299999999999999,99.0,9.6,81.6,,,,,,,,,,,,,,,,,,,,,,,,
labeled-data/Sample4/0204.png,60.599999999999994,90.89999999999999,51.0,73.5,22.8,119.39999999999999,28.2,135.29999999999998,32.699999999999996,142.2,,,,,,,9.9,98.7,10.5,82.5,,,,,,,,,,,,,,,,,,,,,,,,
labeled-data/Sample4/0205.png,61.8,91.2,51.9,74.1,24.9,120.89999999999999,29.7,135.6,34.8,142.5,,,,,,,10.799999999999999,98.7,11.7,81.89999999999999,,,,,,,,,,,,,,,,,,,,,,,,
labeled-data/Sample4/0206.png,63.9,90.6,51.9,72.89999999999999,25.8,122.1,30.299999999999997,135.9,36.0,142.5,,,,,,,12.299999999999999,98.1,13.5,81.6,,,,,,,,,,,,,,,,,,,,,,,,
labeled-data/Sample4/0207.png,64.8,89.7,53.4,70.5,25.8,122.1,30.299999999999997,135.9,36.0,142.5,,,,,,,15.0,96.3,12.299999999999999,82.2,,,,,,,,,,,,,,,,,,,,,,,,
labeled-data/Sample4/0208.png,64.8,89.7,54.6,72.0,27.0,122.39999999999999,30.299999999999997,135.9,37.5,145.2,,,,,,,17.7,97.8,13.2,82.2,,,,,,,,,,,,,,,,,,,,,,,,
labeled-data/Sample4/0209.png,66.89999999999999,89.7,56.1,71.7,27.0,122.39999999999999,30.599999999999998,137.4,37.199999999999996,144.29999999999998,,,,,,,17.7,97.8,15.899999999999999,81.89999999999999,,,,,,,,,,,,,,,,,,,,,,,,
labeled-data/Sample4/0210.png,66.89999999999999,89.7,57.599999999999994,71.1,27.0,122.39999999999999,30.599999999999998,137.4,37.199999999999996,144.0,,,,,,,19.2,97.5,17.099999999999998,81.89999999999999,,,,,,,,,,,,,,,,,,,,,,,,
labeled-data/Sample4/0211.png,69.6,89.1,58.8,71.39999999999999,27.0,122.39999999999999,30.599999999999998,137.4,37.199999999999996,144.0,,,,,,,19.8,97.8,18.3,81.89999999999999,,,,,5.3999999999999995,72.6,,,,,,,,,,,,,,,,,,
labeled-data/Sample4/0212.png,69.6,89.1,60.0,70.8,26.7,123.0,29.099999999999998,138.29999999999998,37.199999999999996,144.0,,,,,,,19.8,97.8,18.599999999999998,81.89999999999999,,,,,7.199999999999999,72.6,,,,,,,,,,,,,,,,,,
labeled-data/Sample4/0213.png,71.1,89.1,60.9,70.2,26.7,123.0,30.0,137.7,37.199999999999996,144.0,,,,,,,20.099999999999998,97.8,20.099999999999998,81.89999999999999,,,,,9.299999999999999,73.2,,,,,,,,,,,,,,,,,,
labeled-data/Sample4/0214.png,71.7,89.1,63.9,72.0,26.7,123.0,30.0,137.7,37.199999999999996,144.0,,,,,,,22.5,97.2,21.9,81.89999999999999,,,,,9.6,73.2,,,,,,,,,,,,,,,,,,
labeled-data/Sample4/0215.png,73.5,89.1,65.1,71.39999999999999,27.0,123.0,30.0,137.7,37.199999999999996,144.0,3.5999999999999996,125.39999999999999,,,,,24.0,96.89999999999999,23.099999999999998,81.89999999999999,1.7999999999999998,103.5,,,10.799999999999999,72.6,,,,,,,,,,,,,,,,,,
labeled-data/Sample4/0216.png,76.2,89.1,66.89999999999999,72.6,28.5,123.0,30.0,137.7,37.199999999999996,144.0,7.199999999999999,125.39999999999999,,,,,25.5,95.7,24.3,81.89999999999999,3.5999999999999996,103.2,,,11.4,72.6,,,,,,,,,,,,,,,,,,
labeled-data/Sample4/0217.png,77.39999999999999,89.39999999999999,68.1,72.89999999999999,28.5,123.0,30.0,137.7,37.199999999999996,144.0,10.5,125.1,,,,,27.3,95.7,26.7,81.89999999999999,6.6,103.8,4.2,103.5,13.5,71.7,,,,,,,,,,,,,,,,,,
labeled-data/Sample4/0218.png,78.6,90.89999999999999,69.3,71.1,29.7,122.39999999999999,30.0,137.7,37.199999999999996,144.0,14.399999999999999,125.1,2.6999999999999997,137.7,,,29.4,95.1,28.799999999999997,82.2,9.0,104.7,7.199999999999999,104.39999999999999,15.6,71.7,,,,,,,,,,,,,,,,,,
labeled-data/Sample4/0219.png,81.3,91.5,70.5,72.3,30.599999999999998,121.19999999999999,30.9,137.1,37.199999999999996,144.0,17.7,125.1,6.6,135.9,,,31.2,95.1,30.299999999999997,81.6,11.4,104.39999999999999,10.2,104.39999999999999,16.2,71.7,,,,,,,,,,,,,,,,,,
labeled-data/Sample4/0220.png,82.5,93.3,73.5,73.8,31.2,121.19999999999999,30.9,137.1,37.199999999999996,144.0,22.2,124.5,9.9,136.5,,,32.1,95.1,32.4,81.3,13.2,104.39999999999999,11.4,104.7,17.4,71.39999999999999,,,,,,,,,,,,,,,,,,
labeled-data/Sample4/0221.png,84.6,94.2,75.0,73.8,31.5,121.5,30.9,137.1,37.199999999999996,144.0,26.7,124.5,13.799999999999999,135.9,4.8,141.9,33.6,95.1,33.9,80.7,14.7,104.1,14.399999999999999,105.0,18.3,70.8,,,,,,,,,,,,,,,,,,
labeled-data/Sample4/0222.png,85.2,94.2,76.5,74.7,,,31.5,136.2,37.199999999999996,144.0,30.599999999999998,123.3,18.0,135.6,9.0,142.79999999999998,35.699999999999996,95.1,35.1,80.39999999999999,17.4,103.8,14.7,105.0,19.2,71.39999999999999,,,,,,,,,,,,,,,,,,
labeled-data/Sample4/0223.png,87.3,95.1,78.0,75.3,,,32.1,136.2,37.199999999999996,144.0,33.9,122.1,21.9,135.29999999999998,13.5,144.29999999999998,36.9,94.8,35.1,80.39999999999999,18.599999999999998,103.8,16.2,104.39999999999999,21.599999999999998,70.8,,,,,,,,,,,,,,,,,,
labeled-data/Sample4/0224.png,87.89999999999999,95.1,78.89999999999999,75.6,,,32.1,136.2,37.199999999999996,144.0,37.5,120.89999999999999,26.4,135.0,17.7,143.4,39.3,94.8,36.9,81.0,21.3,103.8,20.099999999999998,103.8,21.9,70.8,,,,,,,,,,,,,,,2.1,147.9,,
labeled-data/Sample4/0225.png,88.2,95.7,80.7,76.2,34.199999999999996,120.89999999999999,,,37.199999999999996,144.0,40.5,120.3,31.5,134.4,24.599999999999998,142.79999999999998,41.699999999999996,94.5,38.4,81.0,24.0,103.8,21.9,103.8,24.599999999999998,70.8,,,,,,,,,,,,,,,1.2,147.6,,
labeled-data/Sample4/0226.png,90.89999999999999,97.5,82.5,77.1,34.5,120.89999999999999,31.2,136.79999999999998,37.199999999999996,144.0,43.8,119.69999999999999,36.3,134.4,29.099999999999998,143.1,44.4,94.5,40.199999999999996,81.0,25.5,103.8,23.099999999999998,104.39999999999999,25.8,70.8,,,,,,,,,,,,,,,2.1,147.0,,
labeled-data/Sample4/0227.png,93.3,98.1,83.7,77.7,34.5,120.89999999999999,31.2,135.9,,,46.8,119.39999999999999,41.4,133.79999999999998,33.6,142.79999999999998,46.8,94.5,40.5,81.0,29.099999999999998,103.8,23.7,104.39999999999999,27.599999999999998,70.8,,,,,,,,,,,,,,,2.1,147.0,,
labeled-data/Sample4/0228.png,95.39999999999999,98.1,86.1,79.8,35.4,120.89999999999999,31.5,135.9,35.4,144.29999999999998,48.9,118.8,46.8,133.79999999999998,39.6,143.4,48.6,94.5,43.5,80.7,31.799999999999997,103.8,25.5,104.7,30.0,70.8,,,,,,,,,,,,,,,2.1,147.0,,
labeled-data/Sample4/0229.png,94.8,99.89999999999999,86.39999999999999,79.2,36.6,120.89999999999999,31.5,135.9,36.3,144.29999999999998,51.9,117.6,50.1,133.79999999999998,46.199999999999996,144.29999999999998,48.9,94.8,46.5,79.8,32.1,103.5,26.4,104.7,31.5,70.8,,,,,,,,,,,,,,,2.1,147.0,,
labeled-data/Sample4/0230.png,96.3,99.89999999999999,87.89999999999999,79.2,36.6,120.89999999999999,31.5,135.9,36.3,144.29999999999998,54.9,117.3,54.0,133.79999999999998,52.199999999999996,143.1,49.8,94.2,48.6,80.39999999999999,34.5,103.8,27.599999999999998,104.7,32.1,70.8,,,,,,,,,,,,,,,2.1,147.0,,
labeled-data/Sample4/0231.png,96.6,99.0,87.89999999999999,79.2,36.9,120.89999999999999,31.5,135.9,36.3,144.29999999999998,56.1,117.6,57.0,133.5,57.3,144.0,51.0,94.2,49.8,81.0,37.199999999999996,103.5,29.099999999999998,104.7,34.8,71.39999999999999,,,,,,,,,,,,,,,2.1,147.0,,
labeled-data/Sample4/0232.png,97.2,98.39999999999999,90.6,79.5,37.199999999999996,121.5,31.5,135.9,36.3,144.29999999999998,59.099999999999994,117.6,60.599999999999994,133.79999999999998,61.8,143.7,53.1,94.2,50.4,81.0,39.9,104.7,33.3,105.3,36.9,72.0,,,,,,,,,,,,,,,2.1,147.0,,
labeled-data/Sample4/0233.png,97.2,98.39999999999999,92.7,78.0,37.199999999999996,121.5,31.5,135.9,36.3,144.29999999999998,62.099999999999994,118.19999999999999,64.8,133.79999999999998,66.89999999999999,143.4,54.3,94.2,51.0,81.0,42.3,104.39999999999999,35.699999999999996,105.3,38.699999999999996,72.0,,,,,,,,,,,,,,,2.1,147.0,,
labeled-data/Sample4/0234.png,99.6,97.2,93.3,77.39999999999999,39.3,121.5,32.1,135.9,36.3,144.29999999999998,64.5,118.19999999999999,68.1,134.4,70.8,143.4,55.8,94.5,52.199999999999996,81.6,44.4,105.0,39.0,105.3,39.9,72.0,,,,,,,,,,,,,,,2.1,147.0,,
labeled-data/Sample4/0235.png,100.5,96.89999999999999,94.2,76.8,39.3,121.5,33.6,135.9,37.199999999999996,144.6,65.39999999999999,118.5,71.39999999999999,135.29999999999998,74.39999999999999,143.7,57.3,94.5,55.5,81.89999999999999,45.0,105.0,39.6,105.3,40.8,72.0,,,,,,,2.6999999999999997,74.1,,,,,,,2.1,147.0,,
labeled-data/Sample4/0236.png,102.6,94.5,95.1,76.2,39.3,121.5,33.6,135.9,37.199999999999996,144.6,67.5,119.39999999999999,72.6,135.6,76.8,143.7,60.0,95.1,57.3,81.89999999999999,46.199999999999996,104.1,41.1,105.3,42.3,71.7,,,,,,,4.5,74.1,,,,,,,2.1,147.0,,
labeled-data/Sample4/0237.png,105.3,94.2,97.2,75.0,40.199999999999996,121.5,33.6,135.9,37.199999999999996,144.6,68.39999999999999,120.6,75.3,135.6,79.2,143.7,61.8,95.1,58.199999999999996,82.2,48.0,104.39999999999999,41.1,105.3,45.3,71.7,,,,,,,5.3999999999999995,73.5,,,,,,,2.1,147.0,,
labeled-data/Sample4/0238.png,107.1,92.1,98.1,74.7,41.1,121.5,33.6,135.0,37.199999999999996,144.6,69.6,121.8,75.6,136.2,82.2,143.7,63.3,94.5,58.5,81.89999999999999,51.6,104.1,42.0,105.3,46.5,71.39999999999999,,,,,,,7.199999999999999,73.5,,,,,,,2.1,147.0,,
labeled-data/Sample4/0239.png,107.1,92.1,99.3,75.89999999999999,42.0,121.5,33.9,135.6,37.199999999999996,144.6,70.5,122.69999999999999,76.5,138.0,82.2,144.0,63.599999999999994,93.89999999999999,60.0,82.2,52.8,104.39999999999999,45.6,105.3,47.699999999999996,71.39999999999999,,,,,,,8.4,73.2,3.5999999999999996,100.8,,,,,2.1,147.0,,
labeled-data/Sample4/0240.png,108.89999999999999,91.5,101.39999999999999,74.1,43.199999999999996,121.5,35.4,135.29999999999998,37.199999999999996,144.6,71.7,123.3,76.5,138.0,82.8,145.5,65.7,93.89999999999999,60.9,82.2,55.5,104.39999999999999,50.4,105.0,48.6,71.7,,,,,,,9.6,72.89999999999999,5.7,99.89999999999999,,,,,2.1,147.0,,
labeled-data/Sample4/0241.png,111.89999999999999,91.5,102.6,75.3,44.1,121.5,36.0,135.0,37.199999999999996,144.6,71.1,123.89999999999999,75.3,138.9,82.8,145.5,66.3,94.8,61.8,81.3,56.699999999999996,104.39999999999999,51.6,105.0,49.5,71.1,,,3.5999999999999996,132.9,4.5,143.1,12.299999999999999,72.6,6.8999999999999995,100.8,,,,,2.1,147.0,,
labeled-data/Sample4/0242.png,112.5,90.6,104.1,74.39999999999999,45.6,121.5,36.6,135.0,37.199999999999996,144.6,70.8,124.8,75.3,138.9,82.8,145.5,67.8,95.1,63.3,81.3,59.099999999999994,104.1,53.1,104.7,51.0,70.8,2.4,116.39999999999999,6.0,132.6,8.1,142.5,14.399999999999999,72.3,8.4,99.89999999999999,,,,,2.1,147.0,,
labeled-data/Sample4/0243.png,113.1,90.6,105.3,73.5,46.8,121.5,37.199999999999996,135.0,37.199999999999996,144.6,70.8,124.8,75.3,138.9,82.8,145.5,69.89999999999999,95.1,65.39999999999999,81.0,60.0,104.1,55.5,104.39999999999999,53.4,70.8,4.8,116.1,10.5,132.29999999999998,13.5,142.79999999999998,14.7,71.7,9.6,101.7,,,,,2.1,147.0,,
labeled-data/Sample4/0244.png,114.0,91.2,106.8,73.5,51.0,121.8,38.699999999999996,134.1,37.5,143.1,70.8,124.8,75.3,138.9,82.8,145.5,72.3,94.8,67.2,81.0,60.599999999999994,104.1,57.0,104.1,56.699999999999996,70.8,8.4,116.1,14.7,132.29999999999998,17.099999999999998,142.5,16.2,71.39999999999999,10.2,101.7,,,,,2.1,147.0,,
labeled-data/Sample4/0245.png,115.19999999999999,91.2,108.89999999999999,73.8,53.4,122.39999999999999,42.0,134.1,39.0,142.5,72.0,124.5,75.3,138.9,82.8,145.5,73.5,94.5,68.7,80.39999999999999,61.5,103.5,57.599999999999994,104.1,58.5,70.8,12.0,116.1,18.599999999999998,132.29999999999998,21.9,142.79999999999998,18.0,71.39999999999999,11.7,102.0,,,,,2.1,147.0,,
labeled-data/Sample4/0246.png,117.89999999999999,91.5,110.39999999999999,74.1,57.3,122.69999999999999,46.5,134.1,39.6,141.9,72.0,124.19999999999999,75.3,138.9,82.8,145.5,75.3,93.3,70.8,80.1,63.0,103.8,58.8,103.8,59.099999999999994,70.8,16.8,116.69999999999999,23.7,133.5,25.8,142.79999999999998,19.5,71.39999999999999,12.0,102.3,,,,,2.1,147.0,,
labeled-data/Sample4/0247.png,118.5,93.0,111.89999999999999,75.3,61.5,121.8,50.699999999999996,134.7,42.9,140.4,72.0,124.19999999999999,75.3,138.9,82.8,145.5,77.1,93.3,71.1,80.7,63.3,103.5,58.8,103.5,62.099999999999994,70.8,20.099999999999998,117.0,26.7,135.0,30.9,142.79999999999998,20.4,71.39999999999999,12.9,102.3,,,,,2.1,147.0,,
labeled-data/Sample4/0248.png,120.3,93.89999999999999,113.1,75.3,64.2,121.8,54.9,135.0,47.4,138.6,72.0,124.19999999999999,75.3,138.9,82.8,144.6,78.6,93.3,71.7,80.1,64.8,102.6,58.8,103.5,63.3,70.8,24.599999999999998,117.3,30.299999999999997,135.0,35.1,143.4,22.5,72.0,13.2,102.3,,,,,2.1,147.0,,
labeled-data/Sample4/0249.png,121.8,93.89999999999999,115.5,75.6,69.3,123.0,58.199999999999996,134.4,50.699999999999996,138.0,74.39999999999999,123.3,75.3,138.9,82.8,144.6,81.3,92.7,73.2,80.1,64.8,102.6,60.3,103.5,64.5,70.8,26.7,118.19999999999999,34.199999999999996,136.2,38.4,143.7,25.2,72.0,14.7,102.3,,,,,2.1,147.0,,
labeled-data/Sample4/0250.png,123.0,93.89999999999999,117.6,77.39999999999999,,,62.4,133.5,55.199999999999996,138.0,75.3,123.3,75.6,138.9,82.8,145.2,82.5,92.1,76.2,79.2,66.0,102.0,63.9,103.5,66.3,70.5,29.7,118.19999999999999,37.5,136.79999999999998,42.9,144.29999999999998,26.099999999999998,73.2,15.6,102.3,,,,,2.1,147.0,,
labeled-data/Sample4/0251.png,124.19999999999999,95.7,119.39999999999999,78.89999999999999,,,66.89999999999999,132.9,59.699999999999996,137.7,75.3,123.3,75.89999999999999,138.29999999999998,82.8,145.2,83.1,90.89999999999999,78.0,79.2,67.2,102.0,64.8,103.5,67.5,69.89999999999999,31.799999999999997,118.19999999999999,39.9,136.79999999999998,46.199999999999996,143.4,27.0,73.5,17.099999999999998,102.3,3.5999999999999996,118.5,,,2.1,147.0,6.0,84.6
labeled-data/Sample4/0252.png,126.0,98.1,120.6,78.6,81.6,120.6,71.1,131.4,64.2,137.7,76.2,123.3,75.89999999999999,138.29999999999998,82.8,145.2,86.1,90.0,83.1,79.2,69.89999999999999,101.39999999999999,67.5,103.5,68.39999999999999,69.89999999999999,33.9,119.69999999999999,42.3,136.79999999999998,48.3,143.4,28.5,73.5,18.9,102.3,3.3,118.19999999999999,,,2.1,147.0,6.8999999999999995,84.6
labeled-data/Sample4/0253.png,126.6,98.7,122.69999999999999,77.7,85.2,121.19999999999999,,,69.3,137.4,77.1,123.3,76.5,137.4,82.8,145.2,86.1,90.0,83.7,78.89999999999999,71.1,101.39999999999999,69.3,103.2,69.0,69.3,34.199999999999996,119.69999999999999,42.6,137.4,49.199999999999996,143.4,30.599999999999998,73.2,20.099999999999998,102.6,4.8,118.5,,,2.1,147.0,9.299999999999999,85.5
labeled-data/Sample4/0254.png,126.0,98.39999999999999,124.19999999999999,79.2,87.89999999999999,120.0,,,,,78.0,122.1,76.5,137.4,82.8,145.2,87.6,90.0,84.89999999999999,78.89999999999999,72.89999999999999,100.8,70.2,103.2,70.2,69.3,34.199999999999996,119.69999999999999,42.0,138.9,49.199999999999996,144.9,31.799999999999997,73.8,21.0,102.6,6.3,118.8,,,2.1,147.0,9.9,85.8
labeled-data/Sample4/0255.png,129.0,98.39999999999999,124.8,79.2,91.5,119.69999999999999,83.39999999999999,130.2,,,78.3,122.1,76.5,137.4,82.8,145.2,90.89999999999999,90.3,85.8,78.89999999999999,75.89999999999999,101.1,70.5,103.2,72.89999999999999,69.3,34.199999999999996,120.89999999999999,42.6,139.79999999999998,49.199999999999996,144.9,33.9,74.7,22.2,102.6,6.6,118.8,,,2.1,147.0,12.299999999999999,86.1
labeled-data/Sample4/0256.png,130.79999999999998,98.39999999999999,126.6,81.89999999999999,95.7,117.3,88.8,129.9,84.3,138.29999999999998,79.5,122.1,76.5,137.4,82.8,145.2,91.5,90.3,86.1,78.89999999999999,78.0,101.1,71.39999999999999,103.2,73.2,69.3,34.199999999999996,120.89999999999999,41.699999999999996,140.4,49.199999999999996,144.9,35.699999999999996,75.3,23.7,102.89999999999999,7.199999999999999,118.8,,,2.1,147.0,12.299999999999999,86.1
labeled-data/Sample4/0257.png,132.0,99.0,129.0,82.2,99.0,116.1,94.2,130.79999999999998,89.39999999999999,137.4,79.5,122.1,77.1,137.1,82.8,145.2,93.6,90.6,87.3,78.89999999999999,79.2,100.8,74.39999999999999,103.5,75.0,69.3,34.199999999999996,121.5,41.699999999999996,140.4,49.199999999999996,144.9,36.9,75.3,24.599999999999998,102.89999999999999,7.8,118.8,,,2.1,147.0,14.7,86.1
labeled-data/Sample4/0258.png,133.5,99.89999999999999,130.2,82.2,100.8,116.39999999999999,97.8,130.5,93.3,138.0,79.5,122.1,77.1,137.1,82.8,145.2,95.7,91.2,90.6,78.6,80.1,100.5,75.0,103.5,77.1,69.6,34.199999999999996,121.5,41.699999999999996,140.4,49.199999999999996,144.9,38.699999999999996,75.3,26.4,102.89999999999999,9.299999999999999,118.8,,,2.1,147.0,17.099999999999998,85.8
labeled-data/Sample4/0259.png,135.9,100.5,131.7,81.6,101.1,116.39999999999999,101.7,129.29999999999998,99.0,138.29999999999998,80.7,122.69999999999999,77.7,137.1,82.8,145.2,97.8,92.39999999999999,91.5,78.6,80.39999999999999,100.5,76.5,103.5,79.2,69.6,35.4,121.19999999999999,41.699999999999996,140.4,49.199999999999996,144.9,40.5,75.6,28.2,102.89999999999999,9.299999999999999,118.8,1.5,135.0,2.1,147.0,17.7,86.1
labeled-data/Sample4/0260.png,136.5,100.8,133.5,81.89999999999999,105.0,116.1,105.3,129.29999999999998,104.39999999999999,138.0,82.5,122.69999999999999,77.7,137.1,82.8,145.2,98.39999999999999,92.39999999999999,94.8,80.39999999999999,81.3,100.8,79.5,104.39999999999999,81.0,69.6,35.699999999999996,120.89999999999999,41.699999999999996,140.4,49.199999999999996,144.9,41.4,75.89999999999999,30.599999999999998,102.89999999999999,10.2,117.6,3.5999999999999996,136.5,2.1,147.0,20.099999999999998,86.39999999999999
labeled-data/Sample4/0261.png,138.6,98.39999999999999,135.29999999999998,81.3,108.6,115.19999999999999,110.1,129.29999999999998,110.39999999999999,138.0,81.89999999999999,122.1,77.7,137.1,82.8,145.2,99.3,92.39999999999999,96.3,81.0,81.89999999999999,101.1,81.0,104.39999999999999,82.2,69.6,36.9,120.6,41.699999999999996,140.4,49.199999999999996,144.9,44.4,76.2,33.0,102.89999999999999,10.2,117.6,6.6,136.5,1.7999999999999998,144.6,21.0,86.7
labeled-data/Sample4/0262.png,140.4,96.6,136.2,79.8,110.7,114.6,114.0,129.29999999999998,115.19999999999999,137.7,82.8,121.5,77.7,137.1,82.8,145.2,99.89999999999999,92.7,98.1,80.7,83.39999999999999,101.1,81.0,104.39999999999999,83.39999999999999,69.6,37.199999999999996,120.6,41.699999999999996,140.4,49.199999999999996,144.9,45.0,75.3,35.4,102.6,15.299999999999999,116.69999999999999,9.9,136.5,2.6999999999999997,144.0,23.4,85.5
labeled-data/Sample4/0263.png,141.29999999999998,96.6,137.7,80.1,113.1,115.19999999999999,117.0,129.9,120.0,137.7,82.8,121.5,77.7,137.1,82.8,145.2,101.1,92.7,99.6,80.7,84.89999999999999,101.1,82.2,104.39999999999999,84.89999999999999,71.39999999999999,39.0,120.0,41.699999999999996,140.4,49.199999999999996,144.9,45.9,75.3,37.8,102.3,17.4,116.1,12.299999999999999,136.2,4.5,142.5,24.0,84.89999999999999
labeled-data/Sample4/0264.png,142.2,96.3,138.6,79.8,114.3,116.69999999999999,119.39999999999999,130.79999999999998,124.19999999999999,137.4,83.1,122.39999999999999,77.7,137.1,82.8,145.2,104.7,92.7,100.8,80.7,85.5,101.1,82.2,104.39999999999999,87.0,71.39999999999999,40.8,119.1,41.699999999999996,140.4,49.199999999999996,144.9,47.699999999999996,74.7,40.5,101.7,19.2,116.1,15.299999999999999,136.79999999999998,7.199999999999999,141.9,25.2,84.0
labeled-data/Sample4/0265.png,143.1,95.39999999999999,139.5,78.0,116.69999999999999,116.69999999999999,122.1,131.4,126.3,137.7,83.7,122.1,78.0,136.79999999999998,82.8,145.2,105.89999999999999,93.3,101.7,80.7,86.1,101.1,83.1,104.39999999999999,88.5,71.39999999999999,41.699999999999996,118.8,41.699999999999996,140.4,49.199999999999996,144.9,50.1,74.1,42.0,101.1,21.3,115.8,19.5,136.79999999999998,12.9,141.29999999999998,27.0,84.0
labeled-data/Sample4/0266.png,144.9,93.89999999999999,141.29999999999998,78.0,117.89999999999999,117.6,124.19999999999999,131.4,129.9,137.1,84.89999999999999,122.39999999999999,78.3,136.79999999999998,82.8,145.2,106.2,93.3,103.8,81.6,87.6,101.1,84.3,104.39999999999999,89.1,71.1,41.699999999999996,118.5,41.699999999999996,140.4,49.199999999999996,144.9,51.3,73.5,45.3,100.5,24.9,115.19999999999999,23.099999999999998,135.9,16.8,141.29999999999998,27.9,83.7
labeled-data/Sample4/0267.png,147.0,93.3,142.5,77.7,118.8,117.89999999999999,124.8,132.6,131.1,138.9,86.1,121.8,78.89999999999999,136.79999999999998,82.8,145.2,107.1,93.89999999999999,104.39999999999999,81.6,88.5,100.8,84.3,104.39999999999999,90.0,71.1,41.699999999999996,117.6,42.6,139.2,49.199999999999996,144.9,52.199999999999996,73.5,47.699999999999996,99.89999999999999,27.0,114.3,27.9,135.6,21.9,142.5,29.7,82.8
labeled-data/Sample4/0268.png,147.0,93.3,143.7,77.1,119.1,119.39999999999999,125.1,132.6,132.29999999999998,138.9,86.7,121.8,79.5,136.2,82.8,145.2,108.6,94.2,105.6,81.3,90.0,101.39999999999999,85.2,104.39999999999999,91.5,71.1,42.3,117.3,42.9,139.2,49.199999999999996,144.9,55.8,72.89999999999999,50.4,99.6,30.299999999999997,114.0,30.9,135.29999999999998,27.3,142.79999999999998,32.1,82.2
labeled-data/Sample4/0269.png,148.79999999999998,93.0,144.9,76.2,119.69999999999999,119.39999999999999,125.69999999999999,133.5,129.9,139.79999999999998,87.6,121.8,80.39999999999999,135.6,82.8,145.2,109.8,94.5,105.6,81.3,91.5,101.39999999999999,87.0,104.39999999999999,92.39999999999999,71.1,43.199999999999996,117.3,44.4,138.29999999999998,49.199999999999996,144.9,57.599999999999994,72.0,52.199999999999996,98.7,34.199999999999996,114.0,36.3,134.4,33.9,143.4,34.5,81.6
labeled-data/Sample4/0270.png,151.2,92.39999999999999,146.7,75.3,119.69999999999999,119.39999999999999,125.69999999999999,133.5,131.1,139.5,88.2,121.8,80.39999999999999,135.6,82.8,145.2,111.89999999999999,95.39999999999999,107.1,81.3,92.39999999999999,101.39999999999999,88.5,104.1,93.89999999999999,70.8,44.1,116.69999999999999,44.4,138.29999999999998,49.199999999999996,144.9,59.4,71.7,54.0,98.7,37.5,114.0,39.9,133.79999999999998,39.9,144.9,36.0,80.7
labeled-data/Sample4/0271.png,151.5,92.1,147.6,74.7,119.69999999999999,119.39999999999999,124.8,135.0,131.1,139.5,88.8,121.19999999999999,80.7,135.6,82.8,145.2,113.1,95.39999999999999,108.3,81.3,94.2,101.39999999999999,89.39999999999999,104.1,96.0,70.5,,,,,49.199999999999996,144.9,61.199999999999996,71.1,56.4,95.7,39.6,114.0,45.0,133.5,45.6,144.29999999999998,38.699999999999996,80.7
labeled-data/Sample4/0272.png,153.29999999999998,90.89999999999999,149.1,74.39999999999999,119.39999999999999,121.19999999999999,124.8,135.0,131.1,139.5,90.3,121.5,82.5,135.29999999999998,82.8,145.2,114.89999999999999,95.1,111.3,80.39999999999999,96.0,100.8,90.3,104.1,97.2,70.5,,,44.1,137.4,,,63.599999999999994,71.1,59.699999999999996,94.8,43.8,114.0,47.699999999999996,133.5,50.1,143.1,39.6,81.0
labeled-data/Sample4/0273.png,154.79999999999998,90.6,150.6,74.1,119.39999999999999,120.89999999999999,124.8,135.0,131.1,139.5,90.89999999999999,122.1,82.5,135.29999999999998,82.8,145.2,116.1,95.39999999999999,113.39999999999999,79.8,98.1,100.8,92.7,103.8,99.89999999999999,70.5,,,44.1,137.4,50.699999999999996,145.2,64.5,70.8,61.8,95.1,47.1,114.0,52.199999999999996,133.79999999999998,55.5,143.4,42.3,80.1
labeled-data/Sample4/0274.png,156.0,90.3,152.1,73.8,119.69999999999999,120.89999999999999,124.8,135.0,131.1,139.5,92.7,122.39999999999999,84.3,134.7,82.8,145.2,118.19999999999999,95.7,114.89999999999999,79.5,100.2,100.8,93.89999999999999,103.8,102.0,70.5,,,44.699999999999996,137.4,50.699999999999996,145.2,66.89999999999999,70.8,63.3,94.8,48.9,114.3,57.0,134.7,60.9,144.6,44.699999999999996,78.6
labeled-data/Sample4/0275.png,158.7,90.3,153.29999999999998,73.5,120.0,120.89999999999999,124.8,135.0,131.1,139.5,96.89999999999999,122.69999999999999,86.1,134.7,82.8,145.2,118.8,95.7,115.8,78.89999999999999,102.6,100.5,94.8,103.8,104.39999999999999,70.5,48.3,115.5,45.3,137.4,50.699999999999996,145.2,69.6,70.5,65.7,94.5,53.699999999999996,114.6,61.199999999999996,134.7,65.1,144.29999999999998,45.9,78.6
labeled-data/Sample4/0276.png,158.7,90.3,153.9,73.2,120.89999999999999,120.89999999999999,124.8,135.0,131.1,139.5,100.2,122.69999999999999,89.1,135.29999999999998,82.8,145.2,120.6,95.39999999999999,116.1,78.89999999999999,104.1,100.2,97.5,103.2,107.39999999999999,70.5,48.3,115.5,45.3,137.4,50.699999999999996,145.2,71.39999999999999,70.2,67.5,94.5,55.5,114.89999999999999,64.8,135.9,69.3,144.29999999999998,47.4,78.89999999999999
labeled-data/Sample4/0277.png,160.79999999999998,90.3,156.0,72.89999999999999,120.89999999999999,120.89999999999999,124.8,135.0,131.1,139.5,103.2,122.69999999999999,93.3,135.29999999999998,86.39999999999999,141.0,121.8,95.39999999999999,117.89999999999999,78.6,105.6,100.2,99.6,102.89999999999999,108.0,70.5,49.5,115.8,45.3,137.4,50.699999999999996,145.2,72.6,70.2,69.0,94.5,60.3,117.3,67.8,136.5,73.2,145.2,49.199999999999996,78.89999999999999
labeled-data/Sample4/0278.png,162.6,90.3,158.1,73.2,121.8,120.89999999999999,124.8,135.0,131.1,139.5,107.7,122.69999999999999,97.2,135.6,89.7,139.79999999999998,122.69999999999999,94.8,117.89999999999999,78.6,107.39999999999999,99.89999999999999,101.7,102.3,109.5,69.6,50.4,116.1,46.5,137.4,50.699999999999996,145.2,73.2,70.2,70.2,95.39999999999999,63.0,117.0,71.7,136.5,78.0,145.5,50.1,78.89999999999999
labeled-data/Sample4/0279.png,163.79999999999998,90.6,159.29999999999998,73.8,121.8,120.89999999999999,124.8,135.0,131.1,139.5,111.3,123.3,100.5,135.6,95.1,139.2,122.69999999999999,94.8,119.1,78.6,109.5,99.6,104.1,101.7,111.0,69.3,51.0,116.39999999999999,46.5,137.4,50.699999999999996,145.2,73.8,70.2,71.7,94.2,64.8,117.0,74.7,138.0,80.1,146.7,52.199999999999996,79.2
labeled-data/Sample4/0280.png,164.7,90.89999999999999,161.1,74.1,123.6,120.89999999999999,124.8,135.0,131.1,139.5,115.19999999999999,122.69999999999999,104.1,135.0,97.2,138.6,123.6,94.5,121.8,78.6,111.0,99.6,104.7,101.7,111.6,69.3,54.3,116.39999999999999,46.5,137.4,49.8,144.6,76.2,70.2,73.5,94.2,67.2,118.19999999999999,77.39999999999999,139.2,84.3,146.1,55.199999999999996,79.5
labeled-data/Sample4/0281.png,166.5,91.2,162.6,74.7,123.6,120.89999999999999,124.8,135.0,131.1,139.5,119.39999999999999,121.8,107.39999999999999,134.1,102.0,138.29999999999998,125.1,94.2,123.3,78.89999999999999,113.1,99.89999999999999,106.2,101.7,112.8,68.7,54.6,116.1,46.5,137.4,49.8,144.6,77.1,70.5,73.5,94.2,70.5,119.39999999999999,80.39999999999999,140.1,87.3,145.79999999999998,56.699999999999996,79.5
labeled-data/Sample4/0282.png,168.0,91.2,164.1,75.3,,,125.69999999999999,134.7,131.1,139.5,123.3,121.5,110.1,134.1,105.0,138.29999999999998,128.1,93.0,123.89999999999999,78.89999999999999,114.6,100.5,109.5,101.7,114.3,68.7,54.6,116.1,46.5,137.4,49.8,144.6,78.89999999999999,70.8,75.6,93.89999999999999,72.0,120.0,82.8,140.4,89.7,145.79999999999998,57.0,80.7
labeled-data/Sample4/0283.png,168.6,91.5,165.29999999999998,75.3,,,126.0,134.1,131.1,139.5,126.89999999999999,120.6,116.1,132.0,110.39999999999999,138.29999999999998,131.1,92.7,125.1,78.89999999999999,116.1,101.39999999999999,112.5,101.7,115.5,68.7,54.6,116.1,46.5,137.4,49.8,144.6,80.1,71.39999999999999,78.6,93.89999999999999,73.5,120.3,84.0,140.1,89.7,145.79999999999998,58.5,81.89999999999999
labeled-data/Sample4/0284.png,169.79999999999998,92.1,166.5,75.0,125.69999999999999,118.5,126.0,134.1,131.1,139.5,130.2,119.69999999999999,120.6,132.0,115.19999999999999,138.6,131.4,92.7,126.6,78.6,118.5,102.0,114.89999999999999,101.7,117.6,68.7,54.6,116.1,46.5,137.4,49.8,144.6,81.0,72.0,78.6,93.3,74.7,120.89999999999999,84.6,140.7,91.8,145.79999999999998,59.4,81.89999999999999
labeled-data/Sample4/0285.png,171.9,92.1,168.6,75.6,125.69999999999999,118.5,,,131.1,139.5,134.1,118.8,123.89999999999999,132.0,119.69999999999999,138.0,134.4,91.2,130.5,78.3,121.19999999999999,102.6,114.89999999999999,101.7,118.5,68.39999999999999,56.4,116.69999999999999,47.4,137.4,49.8,144.6,83.1,72.0,80.39999999999999,93.3,75.3,120.89999999999999,84.6,140.7,91.8,145.79999999999998,60.9,82.2
labeled-data/Sample4/0286.png,174.0,92.1,169.79999999999998,75.3,127.19999999999999,117.6,,,131.1,139.5,137.7,117.6,128.1,132.0,124.19999999999999,138.0,136.5,90.3,131.7,78.3,122.69999999999999,102.89999999999999,117.0,101.7,119.39999999999999,68.39999999999999,57.599999999999994,116.69999999999999,47.699999999999996,136.79999999999998,49.8,144.6,84.6,72.89999999999999,81.89999999999999,95.1,75.3,120.89999999999999,84.0,141.9,93.6,146.1,62.699999999999996,81.89999999999999
labeled-data/Sample4/0287.png,174.0,92.1,171.0,75.0,127.5,118.19999999999999,126.0,133.5,,,139.79999999999998,117.6,133.2,130.79999999999998,129.29999999999998,138.0,137.7,90.6,132.6,78.0,125.1,102.89999999999999,119.1,101.7,120.6,68.39999999999999,58.8,116.69999999999999,47.699999999999996,136.79999999999998,49.8,144.6,85.8,72.6,82.5,95.1,75.3,120.89999999999999,84.0,141.9,91.5,147.0,64.2,82.2
labeled-data/Sample4/0288.png,175.79999999999998,92.1,171.6,74.7,127.5,118.19999999999999,126.3,133.5,130.79999999999998,139.79999999999998,142.2,116.1,138.6,130.2,134.7,138.6,139.2,90.89999999999999,133.2,77.7,127.8,102.89999999999999,120.0,101.7,121.19999999999999,68.39999999999999,60.3,116.39999999999999,48.6,136.5,49.8,144.6,87.3,72.6,83.1,95.1,75.6,121.8,84.0,141.9,92.39999999999999,146.7,66.3,81.6
labeled-data/Sample4/0289.png,177.6,91.8,173.4,74.39999999999999,128.1,118.19999999999999,126.3,133.5,130.79999999999998,140.1,145.79999999999998,115.19999999999999,142.2,129.9,139.2,138.0,140.7,90.89999999999999,133.79999999999998,77.7,130.79999999999998,102.89999999999999,121.19999999999999,101.7,122.69999999999999,67.5,61.199999999999996,116.1,51.6,133.79999999999998,50.699999999999996,144.6,88.8,72.89999999999999,84.89999999999999,95.7,75.89999999999999,121.8,84.0,141.9,92.39999999999999,146.7,66.3,81.6
labeled-data/Sample4/0290.png,178.5,91.8,174.6,73.2,128.4,118.19999999999999,126.3,133.5,130.79999999999998,140.1,147.9,115.19999999999999,147.29999999999998,130.2,144.6,138.6,141.6,90.89999999999999,135.0,77.7,132.29999999999998,102.6,123.89999999999999,101.39999999999999,125.39999999999999,67.5,63.0,115.19999999999999,51.6,133.79999999999998,51.0,143.4,90.3,72.6,86.7,96.3,77.7,121.19999999999999,84.0,141.9,92.39999999999999,146.7,68.1,81.0
labeled-data/Sample4/0291.png,181.2,90.0,175.79999999999998,73.2,128.4,118.19999999999999,126.3,133.5,130.79999999999998,140.1,150.0,114.6,151.2,130.2,150.0,139.5,144.0,90.6,136.2,77.7,134.1,103.2,125.1,101.39999999999999,126.3,67.5,64.5,114.6,56.4,133.5,52.199999999999996,141.9,92.39999999999999,72.3,87.0,96.6,77.7,121.19999999999999,84.0,141.9,92.39999999999999,146.7,70.2,80.1
labeled-data/Sample4/0292.png,181.79999999999998,89.1,177.29999999999998,72.3,128.7,118.19999999999999,126.3,133.5,130.79999999999998,140.1,152.1,114.6,154.79999999999998,130.2,154.2,139.5,146.4,90.0,136.2,77.7,136.79999999999998,103.2,126.3,101.1,125.1,69.6,65.39999999999999,113.1,59.099999999999994,133.5,54.0,139.79999999999998,94.5,71.7,88.8,96.0,78.6,120.89999999999999,84.0,141.9,92.39999999999999,146.7,70.8,80.1
labeled-data/Sample4/0293.png,183.29999999999998,88.2,178.2,71.39999999999999,129.6,118.19999999999999,126.3,133.5,130.79999999999998,140.1,153.9,114.89999999999999,158.1,130.2,159.6,138.6,147.29999999999998,90.0,138.0,78.0,139.2,102.0,127.19999999999999,101.1,128.1,69.0,66.6,113.39999999999999,63.599999999999994,133.5,57.0,138.29999999999998,95.39999999999999,71.7,90.6,94.8,79.5,120.0,84.0,141.9,92.39999999999999,146.7,72.6,79.8
labeled-data/Sample4/0294.png,184.79999999999998,86.7,179.1,71.1,129.6,118.19999999999999,126.3,133.5,130.79999999999998,140.1,156.0,114.3,160.5,129.9,164.4,138.29999999999998,147.9,90.0,141.6,78.0,140.7,101.7,129.6,101.1,130.5,69.0,69.0,113.7,66.3,133.5,59.699999999999996,138.0,97.2,71.39999999999999,91.8,96.6,80.39999999999999,120.0,84.0,141.9,92.39999999999999,146.7,74.7,78.6
labeled-data/Sample4/0295.png,184.79999999999998,86.7,180.9,70.2,130.5,117.6,127.19999999999999,132.6,130.79999999999998,140.1,157.79999999999998,114.89999999999999,163.5,129.9,167.4,137.7,149.7,89.7,144.29999999999998,78.6,141.0,101.7,132.6,101.1,131.4,68.39999999999999,72.0,113.7,69.89999999999999,133.2,63.0,136.79999999999998,98.39999999999999,70.5,91.8,96.6,80.7,120.0,84.3,140.4,92.39999999999999,146.7,76.5,78.3
labeled-data/Sample4/0296.png,187.79999999999998,85.2,181.79999999999998,69.6,131.4,117.6,127.5,132.6,130.79999999999998,140.1,160.79999999999998,115.8,166.5,129.9,171.9,138.9,150.29999999999998,89.7,144.9,78.6,142.2,101.1,135.29999999999998,101.1,133.79999999999998,68.39999999999999,73.5,113.7,74.39999999999999,133.2,68.1,137.7,100.2,70.5,92.7,97.5,81.3,119.1,84.3,140.4,92.39999999999999,146.7,78.6,76.8
labeled-data/Sample4/0297.png,189.6,84.6,182.7,69.0,131.4,117.3,127.5,132.6,130.79999999999998,140.1,161.4,115.8,167.4,130.79999999999998,172.79999999999998,137.7,151.5,89.39999999999999,146.1,77.7,143.7,101.1,138.6,101.1,133.79999999999998,68.39999999999999,75.89999999999999,113.1,77.39999999999999,132.29999999999998,72.89999999999999,138.29999999999998,102.0,70.2,93.6,97.5,81.3,119.1,84.3,140.4,92.39999999999999,146.7,79.2,76.8
labeled-data/Sample4/0298.png,190.79999999999998,84.0,183.6,68.1,132.0,117.3,127.5,132.6,130.79999999999998,140.1,161.7,116.1,168.0,131.1,174.29999999999998,138.0,153.0,89.39999999999999,146.1,77.7,144.29999999999998,99.89999999999999,140.4,101.1,135.0,68.39999999999999,,,,,76.8,139.5,102.3,69.6,95.39999999999999,97.2,81.89999999999999,118.8,85.5,139.79999999999998,92.39999999999999,146.7,80.1,76.8
labeled-data/Sample4/0299.png,190.79999999999998,84.0,185.1,67.8,132.6,117.3,127.5,132.6,130.79999999999998,140.1,162.29999999999998,117.0,168.6,132.29999999999998,173.7,139.5,155.7,89.1,147.0,77.7,147.0,99.6,142.5,101.1,136.2,68.39999999999999,,,,,81.0,140.4,103.8,69.0,96.0,97.2,82.5,118.8,85.5,139.79999999999998,92.39999999999999,146.7,82.2,76.8
labeled-data/Sample4/0300.png,193.79999999999998,82.8,186.9,66.6,134.1,117.3,127.8,132.6,130.79999999999998,140.1,163.2,118.19999999999999,168.6,132.29999999999998,174.6,139.5,157.2,87.89999999999999,148.79999999999998,77.39999999999999,147.29999999999998,99.3,143.7,101.39999999999999,137.7,68.39999999999999,,,90.0,131.7,,,105.0,69.0,97.5,97.2,83.39999999999999,118.8,85.5,139.79999999999998,92.39999999999999,146.7,83.7,77.1
labeled-data/Sample4/0301.png,195.9,82.2,188.1,67.2,134.4,117.3,127.8,130.79999999999998,130.79999999999998,140.1,163.2,118.8,168.0,132.29999999999998,174.6,140.1,158.4,87.6,149.4,77.1,147.9,98.7,144.9,101.39999999999999,140.4,68.1,,,93.6,131.7,94.2,140.4,105.6,69.0,99.6,96.89999999999999,84.89999999999999,118.5,85.5,139.79999999999998,92.39999999999999,146.7,83.7,79.2
labeled-data/Sample4/0302.png,195.9,82.2,188.7,66.3,135.6,117.3,128.7,130.5,130.79999999999998,140.1,163.2,119.1,167.4,132.9,174.6,140.1,159.0,87.3,150.9,77.1,148.79999999999998,97.8,144.9,101.39999999999999,141.6,68.1,,,96.89999999999999,131.7,99.0,140.4,106.2,68.7,99.6,95.7,84.89999999999999,118.5,85.5,138.9,92.39999999999999,146.7,86.1,78.0
labeled-data/Sample4/0303.png,197.7,81.89999999999999,190.2,65.7,136.5,116.39999999999999,129.9,130.5,130.79999999999998,140.1,162.6,118.8,166.79999999999998,133.2,174.6,140.1,160.79999999999998,87.3,152.4,76.8,150.0,97.8,144.9,101.39999999999999,142.79999999999998,68.1,94.8,114.0,100.5,131.7,103.5,139.79999999999998,108.6,68.1,101.7,96.6,86.1,118.5,85.5,138.9,92.39999999999999,146.7,88.2,77.39999999999999
labeled-data/Sample4/0304.png,198.9,81.89999999999999,190.5,65.1,137.1,116.39999999999999,130.5,129.9,130.79999999999998,140.1,162.6,118.8,166.79999999999998,133.2,174.6,140.1,161.7,87.3,153.29999999999998,76.8,150.9,97.8,146.4,100.5,144.0,67.2,96.89999999999999,113.39999999999999,105.0,131.4,107.7,139.79999999999998,108.6,68.1,103.5,96.89999999999999,87.6,118.5,86.7,138.9,92.39999999999999,146.7,88.5,77.39999999999999
labeled-data/Sample4/0305.png,199.5,81.89999999999999,192.6,65.39999999999999,138.29999999999998,116.39999999999999,131.4,129.9,130.79999999999998,140.1,162.6,118.8,166.79999999999998,133.2,174.6,140.1,163.2,88.5,155.7,77.1,151.2,97.8,147.29999999999998,100.2,146.7,67.2,100.5,114.3,108.89999999999999,131.1,112.8,139.79999999999998,111.0,68.39999999999999,104.39999999999999,96.89999999999999,89.39999999999999,117.3,86.1,138.29999999999998,92.39999999999999,146.7,90.89999999999999,77.39999999999999
labeled-data/Sample4/0306.png,200.7,81.89999999999999,193.5,65.1,141.29999999999998,116.39999999999999,132.9,129.9,132.0,138.6,163.2,120.0,165.9,133.79999999999998,174.6,140.1,164.1,88.5,157.5,76.8,151.79999999999998,97.5,147.9,100.2,148.2,67.2,104.1,114.0,112.8,132.0,117.3,139.5,113.39999999999999,68.39999999999999,106.5,96.0,89.7,117.3,86.1,138.29999999999998,92.39999999999999,146.7,92.1,78.0
labeled-data/Sample4/0307.png,201.6,82.8,195.0,65.1,145.2,116.39999999999999,134.4,129.9,133.5,137.7,163.2,120.0,165.9,133.79999999999998,174.6,140.1,164.1,88.5,159.9,76.2,154.5,97.5,149.1,100.2,148.79999999999998,67.5,107.39999999999999,114.89999999999999,116.69999999999999,132.0,120.89999999999999,139.5,114.6,69.0,106.5,96.0,89.7,117.3,86.1,138.29999999999998,92.39999999999999,146.7,94.2,78.6
labeled-data/Sample4/0308.png,202.5,83.1,196.79999999999998,64.8,146.7,116.39999999999999,138.0,129.29999999999998,134.1,136.2,163.5,120.0,167.4,133.79999999999998,174.6,140.1,165.6,88.5,159.6,76.2,154.79999999999998,97.2,149.4,100.2,149.7,67.5,111.0,115.8,120.6,133.2,124.8,140.1,116.39999999999999,69.3,107.39999999999999,96.89999999999999,90.0,117.3,86.1,138.29999999999998,92.39999999999999,146.7,96.3,78.6
labeled-data/Sample4/0309.png,205.2,84.3,198.9,65.7,149.4,116.39999999999999,141.6,130.5,135.6,136.2,164.1,119.39999999999999,166.5,133.2,174.6,140.1,167.7,88.5,162.0,76.8,157.2,95.7,151.5,99.89999999999999,151.5,67.5,113.39999999999999,116.1,124.5,133.79999999999998,129.0,139.79999999999998,118.8,69.6,109.2,96.89999999999999,91.5,117.0,86.1,138.29999999999998,92.39999999999999,146.7,98.39999999999999,78.6
labeled-data/Sample4/0310.png,207.29999999999998,85.2,200.4,67.2,151.79999999999998,117.6,144.29999999999998,129.9,138.6,134.7,164.4,119.39999999999999,166.5,133.2,174.6,140.1,168.9,88.5,162.9,77.39999999999999,159.0,95.39999999999999,153.0,99.6,152.1,67.5,115.5,116.1,127.8,134.1,132.6,140.1,120.0,69.6,110.39999999999999,97.2,91.5,117.0,86.7,137.7,92.39999999999999,146.7,99.6,78.6
labeled-data/Sample4/0311.png,208.2,85.8,202.5,68.1,156.6,117.89999999999999,148.2,129.0,141.29999999999998,134.4,165.29999999999998,119.39999999999999,166.5,133.2,174.6,140.1,170.7,88.5,164.4,76.5,159.29999999999998,96.0,154.2,99.6,153.0,67.5,119.39999999999999,117.3,129.6,133.79999999999998,133.79999999999998,140.1,120.6,69.89999999999999,111.89999999999999,97.5,92.39999999999999,117.0,86.7,137.7,92.39999999999999,146.7,101.7,78.6
labeled-data/Sample4/0312.png,209.4,87.0,204.6,68.39999999999999,159.9,117.89999999999999,151.79999999999998,128.4,144.9,133.5,166.79999999999998,119.39999999999999,166.5,133.2,174.6,140.1,171.0,88.2,165.9,76.2,160.79999999999998,96.3,154.5,99.6,153.9,67.5,120.3,117.3,131.7,134.1,137.7,139.79999999999998,121.8,70.8,112.2,97.5,95.1,117.6,86.7,137.7,92.39999999999999,146.7,100.5,81.3
labeled-data/Sample4/0313.png,209.4,87.0,205.79999999999998,68.39999999999999,162.9,117.6,154.2,127.8,148.5,132.29999999999998,167.4,118.19999999999999,167.7,132.9,174.6,140.1,172.2,88.2,167.7,75.6,161.7,96.3,154.5,99.6,156.0,67.5,122.69999999999999,117.89999999999999,133.5,134.4,140.1,139.79999999999998,123.89999999999999,71.39999999999999,112.8,99.0,95.1,117.89999999999999,86.7,137.7,92.39999999999999,146.7,103.5,81.3
labeled-data/Sample4/0314.png,212.1,88.2,207.29999999999998,69.89999999999999,,,157.5,127.8,152.1,132.6,168.0,118.8,167.7,132.9,174.6,140.1,174.0,87.3,169.2,74.7,163.2,96.3,155.7,99.6,156.29999999999998,67.5,123.89999999999999,118.5,135.0,135.0,140.7,140.1,125.1,72.0,112.8,100.5,95.7,118.8,87.3,137.7,92.39999999999999,146.7,104.1,81.3
labeled-data/Sample4/0315.png,214.5,88.2,209.1,70.8,,,162.29999999999998,125.69999999999999,156.0,132.6,168.0,118.8,167.1,132.0,173.4,139.5,176.7,87.0,170.1,74.39999999999999,164.7,96.3,159.0,99.6,158.4,67.5,123.89999999999999,118.5,134.7,136.5,142.2,140.7,126.0,72.0,115.5,100.8,96.0,118.8,87.6,137.4,92.39999999999999,146.7,105.6,81.3
labeled-data/Sample4/0316.png,215.7,89.1,210.29999999999998,70.8,174.0,116.69999999999999,165.29999999999998,125.39999999999999,159.9,132.6,168.0,118.8,167.1,132.0,173.4,139.5,176.4,87.6,170.7,74.7,165.0,96.3,159.9,99.6,159.6,67.8,123.89999999999999,118.5,134.7,136.5,142.2,140.7,127.5,72.0,116.39999999999999,100.5,96.89999999999999,118.8,87.89999999999999,137.4,92.39999999999999,146.7,106.8,81.6
labeled-data/Sample4/0317.png,216.6,90.6,212.1,71.7,175.5,116.69999999999999,,,163.2,132.6,168.0,118.8,167.4,132.29999999999998,173.4,139.5,179.1,87.6,172.2,74.7,165.6,96.3,161.4,99.6,161.7,67.8,123.89999999999999,118.5,134.7,136.5,142.2,140.7,130.2,74.1,118.5,100.2,98.7,118.8,88.2,137.4,92.39999999999999,146.7,107.39999999999999,81.89999999999999
labeled-data/Sample4/0318.png,218.1,90.6,213.0,71.7,179.4,114.3,173.4,125.1,,,168.6,118.8,167.4,132.29999999999998,173.4,139.5,180.29999999999998,87.89999999999999,174.0,74.7,168.29999999999998,96.3,163.79999999999998,99.6,162.6,67.8,123.89999999999999,118.5,134.7,136.5,142.2,140.7,131.4,74.1,119.69999999999999,99.89999999999999,98.7,118.8,88.8,137.4,92.39999999999999,146.7,109.8,82.5
labeled-data/Sample4/0319.png,219.6,91.8,215.1,71.7,182.7,113.7,177.6,125.69999999999999,172.5,133.2,170.1,118.19999999999999,167.4,132.29999999999998,173.4,139.5,180.9,88.2,174.9,74.7,169.79999999999998,96.0,165.0,99.6,162.6,67.8,124.8,119.39999999999999,134.7,136.5,142.2,140.7,132.6,73.8,121.5,99.89999999999999,99.0,118.8,89.7,137.1,92.39999999999999,146.7,110.1,82.5
labeled-data/Sample4/0320.png,220.79999999999998,91.8,217.5,72.6,184.79999999999998,113.1,180.6,125.39999999999999,177.6,132.29999999999998,170.4,118.19999999999999,168.0,132.29999999999998,173.4,139.5,182.1,87.89999999999999,176.4,76.2,171.0,96.0,165.9,99.6,163.5,67.8,126.3,120.0,134.7,136.5,142.2,140.7,135.0,74.1,122.39999999999999,99.89999999999999,99.6,118.8,90.6,136.2,92.39999999999999,146.7,111.89999999999999,81.89999999999999
labeled-data/Sample4/0321.png,222.29999999999998,91.8,218.7,73.8,186.9,112.2,184.79999999999998,125.1,181.79999999999998,133.5,170.4,118.19999999999999,168.0,132.29999999999998,173.4,139.5,183.29999999999998,87.89999999999999,178.2,76.2,171.0,96.0,166.2,99.6,165.29999999999998,67.8,126.3,120.0,134.7,136.5,142.2,140.7,135.9,74.1,124.8,99.0,99.89999999999999,118.8,92.1,135.29999999999998,92.39999999999999,146.7,113.39999999999999,81.89999999999999
labeled-data/Sample4/0322.png,222.9,91.5,219.6,72.6,188.1,111.6,187.79999999999998,124.8,186.9,132.9,171.0,118.19999999999999,168.0,132.29999999999998,173.4,139.5,184.79999999999998,88.2,180.29999999999998,76.5,172.2,96.0,167.4,99.89999999999999,165.6,67.8,126.3,120.0,134.7,136.5,142.2,140.7,136.5,74.39999999999999,126.6,98.7,102.0,118.19999999999999,93.89999999999999,135.0,92.39999999999999,146.7,115.5,80.7
labeled-data/Sample4/0323.png,225.0,90.6,221.1,72.89999999999999,190.2,111.3,191.7,125.39999999999999,191.4,133.2,171.0,118.5,168.0,132.29999999999998,173.4,139.5,185.4,88.2,181.79999999999998,77.1,175.2,95.7,168.0,99.89999999999999,168.6,67.5,127.5,117.6,134.7,136.5,142.2,140.7,138.9,73.5,128.1,97.5,104.39999999999999,117.3,96.89999999999999,134.7,93.6,144.29999999999998,116.69999999999999,80.39999999999999
labeled-data/Sample4/0324.png,226.5,90.0,222.29999999999998,72.0,193.5,111.3,195.0,125.69999999999999,195.6,132.9,171.9,118.19999999999999,168.0,132.29999999999998,173.4,139.5,186.9,89.1,182.1,77.1,174.9,96.3,170.1,99.89999999999999,170.4,67.5,128.1,117.6,134.7,136.5,142.2,140.7,140.1,73.5,129.9,97.5,106.2,116.1,100.5,134.1,95.1,142.5,117.3,80.1
labeled-data/Sample4/0325.png,226.79999999999998,90.0,222.6,71.39999999999999,195.0,112.2,197.7,126.0,199.79999999999998,132.9,172.2,118.19999999999999,168.6,132.0,173.4,139.5,188.1,89.39999999999999,183.9,76.8,175.5,96.0,171.29999999999998,99.89999999999999,171.9,67.5,129.0,116.39999999999999,134.7,136.5,142.2,140.7,140.7,73.5,131.1,97.5,108.3,113.7,103.8,134.1,96.6,140.7,119.69999999999999,80.39999999999999
labeled-data/Sample4/0326.png,228.6,89.1,224.4,71.39999999999999,196.5,112.2,200.7,125.69999999999999,203.4,133.79999999999998,173.1,118.19999999999999,168.6,132.0,173.4,139.5,189.0,89.39999999999999,185.7,76.8,177.0,96.0,171.9,99.89999999999999,173.4,67.5,129.6,116.39999999999999,134.7,136.5,142.2,140.7,143.4,72.6,133.5,97.2,110.7,112.8,106.8,133.79999999999998,100.8,139.2,121.8,80.1
labeled-data/Sample4/0327.png,228.6,89.1,225.6,71.1,197.7,113.39999999999999,202.5,126.89999999999999,207.9,135.0,173.7,118.19999999999999,168.6,132.0,173.4,139.5,190.2,89.39999999999999,187.5,77.1,177.9,96.0,173.1,99.89999999999999,174.6,67.5,130.5,116.1,134.7,136.5,142.2,140.7,144.6,71.7,134.7,96.89999999999999,114.0,112.8,109.8,133.2,104.1,139.2,122.39999999999999,79.5
labeled-data/Sample4/0328.png,231.0,87.89999999999999,226.5,70.8,198.0,113.39999999999999,204.6,127.8,210.0,134.7,174.0,118.19999999999999,169.5,131.7,173.4,139.5,191.7,89.7,188.4,76.8,180.0,96.0,174.6,99.89999999999999,174.6,67.5,130.5,116.1,134.7,136.5,142.2,140.7,146.1,71.39999999999999,137.1,96.3,115.8,112.8,113.39999999999999,133.2,106.5,138.29999999999998,123.3,78.89999999999999
labeled-data/Sample4/0329.png,234.0,86.7,227.7,70.5,200.7,114.3,207.6,128.4,212.1,134.7,175.2,118.19999999999999,169.5,131.7,173.4,139.5,193.5,89.7,190.2,77.39999999999999,180.9,96.0,175.2,99.89999999999999,176.4,67.5,131.4,115.5,135.6,135.6,142.2,140.7,147.29999999999998,71.39999999999999,141.0,94.8,117.0,112.8,116.69999999999999,132.6,112.2,138.9,124.8,78.0
labeled-data/Sample4/0330.png,234.0,86.7,228.9,69.6,201.29999999999998,114.89999999999999,209.1,129.6,213.6,134.7,175.79999999999998,118.19999999999999,170.7,131.1,173.4,139.5,194.4,89.7,192.0,76.5,181.2,96.0,176.1,99.6,177.6,67.5,132.0,114.89999999999999,135.9,135.29999999999998,142.2,140.7,149.7,70.8,143.4,93.89999999999999,120.6,113.1,120.3,132.0,115.8,138.29999999999998,125.69999999999999,77.39999999999999
labeled-data/Sample4/0331.png,235.2,85.8,230.1,69.0,202.2,114.89999999999999,208.2,128.7,213.6,134.7,176.7,117.6,171.0,130.79999999999998,173.4,139.5,195.29999999999998,90.3,192.9,76.5,182.7,96.0,177.29999999999998,99.3,178.2,67.5,132.29999999999998,113.7,136.2,134.1,142.2,140.7,151.2,70.5,145.79999999999998,93.3,124.5,112.8,124.5,131.1,119.1,138.29999999999998,126.89999999999999,77.1
labeled-data/Sample4/0332.png,235.79999999999998,85.2,231.29999999999998,68.7,202.2,114.89999999999999,208.2,128.7,213.6,134.7,176.7,117.0,171.0,130.79999999999998,173.4,139.5,196.2,90.0,193.2,76.5,182.7,96.0,177.9,99.3,180.29999999999998,67.2,134.4,113.7,136.2,134.1,142.2,140.7,152.1,69.89999999999999,147.29999999999998,92.7,126.89999999999999,112.2,129.0,130.2,126.3,139.5,128.7,76.5
labeled-data/Sample4/0333.png,237.6,84.89999999999999,232.79999999999998,68.1,203.4,114.89999999999999,208.2,128.7,213.6,134.7,176.7,117.0,171.0,129.6,173.4,139.5,197.4,90.0,194.7,76.2,185.1,95.7,179.1,99.3,180.29999999999998,67.2,,,,,142.2,140.7,153.9,69.6,150.29999999999998,92.1,130.79999999999998,111.89999999999999,132.9,130.2,130.2,139.5,130.2,75.89999999999999
labeled-data/Sample4/0334.png,239.7,84.89999999999999,233.7,67.8,203.4,114.89999999999999,207.6,130.2,213.6,134.7,177.6,117.0,172.5,129.6,173.4,139.5,198.6,90.0,195.29999999999998,76.2,184.79999999999998,96.0,180.6,99.0,183.6,66.3,,,,,142.2,140.7,155.4,69.0,151.79999999999998,91.5,132.6,111.89999999999999,137.1,129.29999999999998,137.7,139.5,131.7,75.89999999999999
labeled-data/Sample4/0335.png,241.5,84.89999999999999,234.6,67.2,203.4,114.89999999999999,207.6,131.4,213.6,134.7,178.2,117.0,172.79999999999998,129.6,173.4,139.5,200.4,90.0,195.29999999999998,76.2,185.4,95.7,181.5,98.7,185.4,66.89999999999999,,,136.2,134.1,,,156.6,69.0,153.9,90.89999999999999,135.0,111.89999999999999,140.1,129.6,141.29999999999998,139.79999999999998,133.2,75.89999999999999
labeled-data/Sample4/0336.png,242.1,84.6,235.5,67.2,202.2,115.8,207.29999999999998,131.4,213.6,136.2,180.6,117.0,172.79999999999998,129.6,173.4,139.5,202.5,89.7,195.9,76.2,187.2,96.0,183.0,98.7,187.2,66.89999999999999,,,136.5,133.5,141.6,141.0,158.4,68.39999999999999,155.7,90.6,138.6,112.2,144.29999999999998,129.9,147.6,139.2,136.2,75.89999999999999
labeled-data/Sample4/0337.png,243.0,84.6,237.29999999999998,66.6,203.4,115.19999999999999,207.29999999999998,131.7,213.6,136.2,182.7,117.0,173.4,129.6,173.4,139.5,204.0,89.7,195.9,76.2,188.1,96.3,184.5,98.7,188.1,66.89999999999999,137.1,112.5,136.5,133.5,141.6,141.0,160.5,68.39999999999999,158.1,90.6,141.9,112.8,149.1,130.2,152.4,139.2,137.4,75.89999999999999
labeled-data/Sample4/0338.png,243.6,84.6,238.5,66.6,203.4,115.19999999999999,207.29999999999998,131.7,213.6,136.2,185.4,117.0,177.0,128.7,174.9,137.1,205.5,89.1,197.4,76.2,190.79999999999998,96.6,186.0,98.7,190.2,66.89999999999999,137.4,112.2,136.5,133.5,141.6,141.0,160.79999999999998,68.39999999999999,159.6,90.0,145.2,112.8,153.29999999999998,130.2,156.9,138.0,139.2,75.89999999999999
labeled-data/Sample4/0339.png,244.79999999999998,84.6,240.6,68.39999999999999,203.4,115.19999999999999,207.29999999999998,131.7,213.6,136.2,188.4,117.3,178.5,129.29999999999998,175.5,137.4,205.79999999999998,88.8,199.2,75.3,192.6,96.6,186.0,98.7,192.0,66.6,138.6,112.2,136.5,133.5,141.6,141.0,162.29999999999998,68.39999999999999,161.4,89.7,147.0,111.89999999999999,157.2,130.79999999999998,161.7,138.0,141.29999999999998,75.89999999999999
labeled-data/Sample4/0340.png,246.0,84.89999999999999,242.39999999999998,69.0,203.4,115.19999999999999,207.29999999999998,131.7,213.6,136.2,191.7,117.3,182.1,129.6,177.0,136.5,207.29999999999998,87.89999999999999,200.1,75.3,193.5,96.6,187.5,98.7,192.29999999999998,66.6,138.6,112.2,136.5,133.5,141.6,141.0,164.1,69.0,161.7,90.0,151.79999999999998,112.2,161.1,131.1,165.29999999999998,138.29999999999998,142.79999999999998,76.2
labeled-data/Sample4/0341.png,247.5,85.5,244.2,69.3,203.7,115.19999999999999,207.29999999999998,131.7,213.6,136.2,194.4,117.3,186.0,129.0,179.7,135.9,209.1,86.1,202.2,75.0,195.29999999999998,96.89999999999999,190.2,98.7,193.79999999999998,66.6,139.5,112.2,136.5,133.5,141.6,141.0,165.29999999999998,69.3,163.2,90.0,154.2,112.8,165.0,131.4,169.79999999999998,139.79999999999998,143.4,76.5
labeled-data/Sample4/0342.png,249.6,86.1,245.7,69.0,204.6,115.5,207.29999999999998,131.7,213.6,136.2,197.1,117.6,189.6,129.29999999999998,182.7,134.4,209.7,86.1,203.7,74.7,195.9,96.89999999999999,193.5,98.1,195.6,66.3,140.7,112.2,136.5,133.5,141.6,141.0,166.2,68.7,165.6,90.0,157.5,113.7,168.0,132.6,174.6,140.1,145.2,76.5
labeled-data/Sample4/0343.png,250.5,86.39999999999999,247.2,68.7,205.5,115.5,207.29999999999998,131.7,213.6,136.2,201.29999999999998,117.6,193.2,129.29999999999998,185.7,133.79999999999998,211.5,86.1,206.1,74.7,197.4,96.89999999999999,194.4,98.1,197.4,65.7,141.0,112.2,136.5,133.5,141.6,141.0,167.4,69.6,166.2,90.0,160.79999999999998,114.3,172.2,133.2,177.6,140.1,145.79999999999998,76.5
labeled-data/Sample4/0344.png,252.29999999999998,86.7,248.39999999999998,69.6,,,207.9,129.9,213.6,136.2,204.9,117.6,196.5,129.29999999999998,188.4,133.79999999999998,213.0,86.1,207.9,74.7,198.9,96.3,195.0,98.1,198.0,65.7,141.0,112.5,136.5,133.5,141.6,141.0,167.7,69.6,168.0,89.7,162.9,114.89999999999999,174.29999999999998,133.5,181.2,139.5,147.6,77.1
labeled-data/Sample4/0345.png,253.2,86.7,250.79999999999998,70.5,,,208.2,129.9,213.6,136.2,208.5,116.69999999999999,199.2,128.1,192.6,133.79999999999998,214.2,85.8,210.0,74.7,201.6,96.3,196.5,98.1,198.6,65.7,141.9,112.5,137.1,133.2,141.6,141.0,169.5,70.2,169.2,89.39999999999999,165.9,115.5,176.7,133.5,184.5,139.5,147.9,77.39999999999999
labeled-data/Sample4/0346.png,254.7,86.7,251.7,70.8,,,208.79999999999998,129.6,213.6,136.2,212.1,116.69999999999999,202.2,128.1,197.1,134.1,216.29999999999998,85.2,211.2,74.7,202.5,96.6,198.29999999999998,98.1,199.2,65.7,143.4,112.5,137.1,133.2,141.6,141.0,169.79999999999998,69.89999999999999,169.79999999999998,89.39999999999999,167.1,115.8,178.5,133.5,186.6,139.5,149.1,77.39999999999999
labeled-data/Sample4/0347.png,255.89999999999998,87.0,253.5,71.7,208.2,113.7,,,213.6,136.2,215.4,116.69999999999999,205.79999999999998,127.8,201.0,134.1,217.2,85.2,212.1,74.39999999999999,204.6,97.8,199.79999999999998,98.1,200.1,65.7,144.0,112.5,137.1,133.2,141.6,141.0,172.2,70.8,171.0,89.39999999999999,167.4,115.8,180.0,133.79999999999998,187.79999999999998,140.7,150.6,77.39999999999999
labeled-data/Sample4/0348.png,258.0,87.0,254.7,71.7,208.2,113.7,,,213.6,136.2,219.9,116.1,208.2,127.8,204.9,133.5,218.1,85.2,212.1,74.39999999999999,206.7,97.8,201.29999999999998,98.1,201.29999999999998,65.7,144.29999999999998,112.5,137.1,133.2,141.6,141.0,173.1,71.1,171.6,90.0,168.9,115.8,180.0,135.0,186.9,141.29999999999998,152.1,77.39999999999999
labeled-data/Sample4/0349.png,258.9,87.3,257.09999999999997,71.7,208.79999999999998,113.7,208.2,129.29999999999998,213.6,136.2,222.0,115.5,213.0,127.19999999999999,210.0,133.5,219.6,85.2,213.29999999999998,74.39999999999999,208.79999999999998,97.8,202.79999999999998,98.1,202.5,65.7,144.29999999999998,112.5,137.1,133.2,141.6,141.0,174.6,71.39999999999999,173.1,90.6,169.79999999999998,116.39999999999999,178.5,136.2,186.9,141.29999999999998,153.6,77.7
labeled-data/Sample4/0350.png,260.09999999999997,88.8,257.7,71.7,208.79999999999998,113.7,208.5,128.7,,,225.29999999999998,114.6,217.5,127.19999999999999,215.1,134.1,222.29999999999998,85.2,214.5,75.0,211.2,98.7,204.6,98.1,202.5,65.7,146.1,112.5,137.1,133.2,141.6,141.0,175.79999999999998,71.7,173.7,91.2,169.5,117.3,179.4,135.0,186.9,141.29999999999998,154.79999999999998,77.7
labeled-data/Sample4/0351.png,261.9,89.1,259.8,72.3,209.7,113.7,208.5,128.7,214.5,136.79999999999998,227.4,114.3,222.9,126.89999999999999,219.0,133.79999999999998,225.0,85.8,216.0,75.6,213.0,99.0,207.29999999999998,97.5,203.4,65.7,147.0,112.5,138.9,132.29999999999998,141.6,141.0,178.2,72.0,175.2,91.2,169.5,117.6,178.5,135.6,186.9,141.29999999999998,156.9,78.0
labeled-data/Sample4/0352.png,263.4,89.39999999999999,260.09999999999997,72.3,210.6,113.7,208.79999999999998,128.7,214.5,136.79999999999998,230.1,113.39999999999999,226.5,127.19999999999999,222.9,133.79999999999998,227.4,86.1,217.5,76.8,214.5,99.0,207.9,97.5,207.6,65.1,147.6,112.5,138.9,132.29999999999998,141.6,141.0,179.1,72.0,176.4,91.5,169.79999999999998,117.3,178.5,135.6,186.9,141.29999999999998,158.4,78.6
labeled-data/Sample4/0353.png,264.59999999999997,90.0,262.2,71.7,211.2,113.7,208.79999999999998,128.7,214.5,135.6,234.0,112.5,231.6,127.19999999999999,227.1,134.7,228.6,86.1,218.7,77.1,217.2,99.3,208.5,97.5,210.0,65.1,148.2,112.5,140.1,131.7,141.6,141.0,180.0,72.0,177.0,91.5,170.1,117.3,178.5,135.6,186.9,141.29999999999998,159.29999999999998,78.6
labeled-data/Sample4/0354.png,266.4,90.0,263.09999999999997,71.39999999999999,211.79999999999998,112.8,208.79999999999998,128.7,214.5,135.6,235.79999999999998,112.8,235.5,127.19999999999999,232.2,135.0,229.79999999999998,86.1,219.29999999999998,77.1,219.0,99.3,209.1,97.5,210.0,65.1,151.79999999999998,111.6,141.29999999999998,131.1,142.5,138.9,182.4,72.0,178.2,92.1,171.29999999999998,116.69999999999999,178.5,135.6,186.9,141.29999999999998,161.1,78.0
labeled-data/Sample4/0355.png,267.3,90.0,265.2,71.39999999999999,212.7,112.8,208.79999999999998,128.7,214.5,135.6,238.5,112.5,238.79999999999998,126.6,238.5,134.7,229.79999999999998,86.1,219.29999999999998,77.1,221.1,99.3,209.1,97.5,211.5,65.1,153.6,111.6,144.29999999999998,129.29999999999998,143.4,138.9,184.2,71.1,181.2,92.1,172.79999999999998,115.5,178.5,135.6,186.9,141.29999999999998,162.29999999999998,78.0
labeled-data/Sample4/0356.png,269.09999999999997,88.8,265.8,70.2,212.7,112.8,208.79999999999998,128.7,214.5,135.6,241.2,112.2,243.89999999999998,126.89999999999999,244.5,136.2,232.5,86.1,222.9,76.8,222.6,99.3,210.29999999999998,97.5,211.5,65.1,154.79999999999998,110.1,147.6,129.29999999999998,144.6,137.4,185.4,71.1,182.1,90.89999999999999,173.1,116.1,178.5,135.6,186.9,141.29999999999998,163.2,78.0
labeled-data/Sample4/0357.png,269.7,87.6,267.0,69.0,213.29999999999998,112.8,208.79999999999998,128.7,214.5,135.6,242.39999999999998,112.2,246.89999999999998,126.89999999999999,248.39999999999998,135.9,235.2,85.8,225.29999999999998,76.8,223.79999999999998,99.89999999999999,212.7,97.5,212.1,65.1,155.4,109.2,150.29999999999998,129.6,146.1,135.9,187.2,70.5,183.29999999999998,90.89999999999999,174.29999999999998,116.1,178.5,135.6,186.9,141.29999999999998,165.0,77.39999999999999
labeled-data/Sample4/0358.png,271.2,86.39999999999999,268.5,69.0,213.9,112.8,209.7,128.7,214.5,135.6,243.89999999999998,111.89999999999999,249.89999999999998,127.8,254.39999999999998,136.2,236.7,86.39999999999999,226.79999999999998,76.8,225.29999999999998,99.89999999999999,218.1,97.5,214.79999999999998,66.3,157.5,108.6,152.7,129.29999999999998,147.6,134.7,188.4,69.89999999999999,185.1,90.89999999999999,174.29999999999998,116.1,178.5,135.6,186.9,141.29999999999998,165.9,77.39999999999999
labeled-data/Sample4/0359.png,273.59999999999997,83.7,270.3,69.0,214.79999999999998,112.8,209.7,128.7,214.5,135.6,245.7,113.1,253.2,128.1,257.4,135.9,237.6,86.39999999999999,228.0,76.5,226.79999999999998,99.89999999999999,219.29999999999998,97.5,215.7,66.0,159.9,108.6,156.9,129.0,151.5,133.2,189.9,69.89999999999999,185.4,90.89999999999999,174.9,115.5,178.5,135.6,186.9,141.29999999999998,167.1,77.39999999999999
labeled-data/Sample4/0360.png,273.59999999999997,83.7,272.09999999999997,67.8,214.79999999999998,112.8,209.7,128.7,214.5,135.6,248.39999999999998,113.39999999999999,255.6,129.6,260.09999999999997,136.5,237.89999999999998,86.39999999999999,230.1,76.2,228.29999999999998,99.3,220.5,97.5,218.1,66.0,162.29999999999998,108.89999999999999,159.9,128.1,154.79999999999998,133.2,191.7,69.89999999999999,186.9,91.2,175.5,115.19999999999999,180.29999999999998,135.0,186.9,141.29999999999998,169.2,77.39999999999999
labeled-data/Sample4/0361.png,275.09999999999997,83.39999999999999,272.4,67.2,215.1,112.8,209.7,128.7,214.5,135.6,249.0,113.39999999999999,257.4,130.2,264.0,137.7,239.7,86.1,231.89999999999998,76.2,229.5,99.3,224.4,97.5,220.5,66.3,162.9,108.89999999999999,163.2,127.8,158.1,133.2,193.79999999999998,68.7,187.79999999999998,91.2,176.4,114.3,180.29999999999998,135.0,186.9,141.29999999999998,171.6,77.1
labeled-data/Sample4/0362.png,277.5,82.8,273.59999999999997,66.3,215.7,112.8,210.9,128.1,214.5,135.6,249.0,113.1,259.2,131.1,266.09999999999997,136.79999999999998,241.5,84.89999999999999,233.7,75.6,232.2,99.0,225.29999999999998,97.2,222.0,66.6,167.1,108.89999999999999,167.1,126.6,163.2,132.9,192.9,68.7,189.6,90.89999999999999,177.29999999999998,113.7,180.29999999999998,135.0,186.9,141.29999999999998,172.79999999999998,76.8
labeled-data/Sample4/0363.png,278.7,81.6,273.9,65.7,216.6,113.1,210.9,128.1,214.5,135.6,250.2,114.0,259.5,131.7,266.4,139.2,244.5,84.89999999999999,234.89999999999998,75.3,234.89999999999998,97.8,225.9,97.2,224.4,66.6,168.6,108.89999999999999,171.0,126.6,168.29999999999998,133.79999999999998,194.7,68.7,190.5,90.6,177.9,113.7,180.29999999999998,135.0,186.9,141.29999999999998,174.0,76.5
labeled-data/Sample4/0364.png,279.59999999999997,80.7,274.8,63.599999999999994,218.1,113.1,210.9,128.1,214.5,135.6,250.2,114.0,258.9,131.1,265.5,138.29999999999998,245.7,84.6,237.29999999999998,75.3,236.39999999999998,97.8,226.79999999999998,97.2,225.29999999999998,65.7,171.29999999999998,108.6,173.7,126.6,172.79999999999998,134.7,196.2,68.1,191.4,90.6,178.2,113.7,180.29999999999998,134.1,186.9,141.29999999999998,174.9,76.5
labeled-data/Sample4/0365.png,281.09999999999997,79.8,276.0,63.3,219.0,113.7,212.1,127.19999999999999,214.5,135.6,252.0,116.1,258.9,131.4,265.8,139.2,246.6,84.3,238.79999999999998,75.0,237.29999999999998,97.8,229.79999999999998,99.0,226.2,65.7,173.1,108.0,,,,,198.6,68.1,192.6,90.6,178.79999999999998,113.7,180.29999999999998,134.1,186.9,141.29999999999998,177.0,76.2
labeled-data/Sample4/0366.png,281.09999999999997,79.8,278.09999999999997,61.8,219.0,113.7,212.1,127.19999999999999,214.5,135.6,252.29999999999998,116.69999999999999,258.3,132.6,265.8,139.2,248.1,84.3,240.0,75.3,239.1,97.5,230.7,98.39999999999999,226.2,65.7,,,,,,,200.1,68.1,192.6,90.6,179.1,113.39999999999999,180.29999999999998,133.5,186.9,141.29999999999998,178.2,75.89999999999999
labeled-data/Sample4/0367.png,283.5,79.8,279.3,62.699999999999996,220.2,113.7,213.29999999999998,127.19999999999999,214.5,135.6,251.39999999999998,117.6,258.3,132.6,265.8,139.2,250.5,84.3,242.39999999999998,75.3,241.2,96.6,233.39999999999998,97.2,228.29999999999998,66.0,,,186.29999999999998,127.19999999999999,188.1,134.1,200.4,68.7,195.6,91.2,180.6,112.8,180.29999999999998,132.9,186.9,141.29999999999998,178.2,75.89999999999999
labeled-data/Sample4/0368.png,284.7,79.8,281.09999999999997,62.699999999999996,221.7,113.7,213.9,126.6,214.5,135.6,251.7,117.89999999999999,258.3,132.6,265.8,139.2,250.5,84.3,243.89999999999998,75.3,240.29999999999998,96.6,234.0,97.2,229.79999999999998,65.7,,,190.5,127.8,192.6,133.79999999999998,201.9,68.1,196.2,91.5,180.9,112.8,180.29999999999998,132.9,186.9,141.29999999999998,180.0,75.6
labeled-data/Sample4/0369.png,286.5,79.8,281.7,63.3,223.2,113.7,215.1,126.0,214.5,135.6,251.7,117.3,258.3,132.6,265.8,139.2,252.0,84.3,244.2,75.3,242.1,96.6,234.89999999999998,97.2,231.29999999999998,65.7,,,193.5,127.19999999999999,197.4,134.7,203.1,66.6,197.1,91.5,181.2,112.8,180.29999999999998,132.9,186.9,141.29999999999998,180.6,75.3
labeled-data/Sample4/0370.png,286.5,79.8,282.3,63.3,226.2,114.3,216.9,125.69999999999999,216.29999999999998,134.7,252.0,117.3,258.3,132.6,265.8,139.2,254.39999999999998,84.3,245.39999999999998,75.3,243.0,96.3,235.79999999999998,97.2,234.6,65.7,190.2,110.7,198.0,127.8,200.4,135.0,206.1,67.2,199.79999999999998,90.3,182.7,112.8,180.29999999999998,132.9,186.9,141.29999999999998,182.7,75.3
labeled-data/Sample4/0371.png,,,284.09999999999997,63.3,228.9,114.89999999999999,219.9,125.39999999999999,216.6,134.1,252.6,117.3,258.3,132.6,265.8,139.2,256.5,84.3,247.5,74.7,243.0,96.0,237.0,97.2,235.5,66.0,193.2,111.6,200.7,127.8,205.5,135.6,207.6,67.2,200.7,90.6,183.9,112.5,180.29999999999998,132.9,186.9,141.29999999999998,183.9,75.3
labeled-data/Sample4/0372.png,,,286.2,63.0,232.5,115.8,223.2,126.0,217.5,133.2,253.5,117.3,258.3,132.6,265.8,139.2,258.0,84.3,249.29999999999998,74.7,244.2,95.7,238.79999999999998,97.2,236.1,65.39999999999999,194.1,111.3,204.6,127.8,209.1,135.6,208.79999999999998,67.2,201.9,90.89999999999999,184.5,112.5,181.79999999999998,133.5,186.9,141.29999999999998,185.7,75.3
labeled-data/Sample4/0373.png,,,,,234.89999999999998,115.5,226.5,126.6,220.5,131.7,254.39999999999998,117.3,258.3,132.6,265.8,139.2,259.5,84.3,250.79999999999998,74.7,245.39999999999998,95.1,241.79999999999998,97.2,238.2,65.39999999999999,198.6,110.7,208.5,127.5,213.0,135.9,210.0,67.2,202.5,91.2,184.79999999999998,112.5,181.79999999999998,133.5,186.9,141.29999999999998,186.29999999999998,75.3
labeled-data/Sample4/0374.png,,,,,239.1,116.69999999999999,230.1,126.6,223.2,130.79999999999998,255.29999999999998,116.1,258.3,132.6,265.8,139.2,261.9,84.0,252.0,74.7,246.6,94.5,241.79999999999998,97.2,241.79999999999998,65.1,201.0,110.7,211.5,129.0,216.6,135.6,211.5,67.2,203.7,92.39999999999999,186.9,112.5,181.79999999999998,133.5,186.9,141.29999999999998,188.4,75.3
labeled-data/Sample4/0375.png,,,,,242.1,116.69999999999999,233.1,126.6,226.79999999999998,129.9,255.6,116.1,258.3,132.6,265.8,139.2,263.09999999999997,83.39999999999999,254.39999999999998,74.39999999999999,248.1,93.89999999999999,242.39999999999998,97.2,243.0,65.1,202.2,111.0,213.9,128.7,220.79999999999998,136.2,212.4,67.2,205.79999999999998,91.8,187.5,112.5,181.79999999999998,133.2,186.9,141.29999999999998,189.6,75.3
labeled-data/Sample4/0376.png,,,,,246.6,117.0,237.89999999999998,126.0,230.39999999999998,129.9,256.5,116.1,258.3,132.6,265.8,139.2,265.2,83.39999999999999,257.4,73.8,250.5,93.3,243.0,97.2,243.6,65.1,205.2,111.6,216.29999999999998,129.29999999999998,223.2,135.0,214.2,68.1,206.1,91.8,187.5,112.5,181.79999999999998,133.2,186.9,141.29999999999998,191.4,75.6
labeled-data/Sample4/0377.png,,,,,251.7,116.39999999999999,240.89999999999998,125.1,234.29999999999998,129.9,256.5,116.1,259.8,132.29999999999998,265.8,139.2,265.5,83.39999999999999,258.9,73.2,251.1,93.6,244.5,96.89999999999999,243.6,65.1,207.9,111.89999999999999,218.7,129.0,225.29999999999998,135.29999999999998,215.1,68.1,207.0,91.8,188.1,112.5,181.79999999999998,132.6,186.9,141.29999999999998,193.2,76.5
labeled-data/Sample4/0378.png,,,,,253.5,116.1,243.6,125.1,238.2,129.29999999999998,257.7,116.1,258.3,131.7,265.8,139.2,266.7,83.39999999999999,260.4,72.89999999999999,252.0,93.6,248.1,96.6,244.79999999999998,65.1,208.5,112.5,220.2,129.0,228.0,135.6,216.9,68.7,208.5,93.3,188.1,112.5,181.79999999999998,132.6,186.9,141.29999999999998,193.5,78.0
labeled-data/Sample4/0379.png,,,,,,,248.39999999999998,124.8,242.7,131.1,258.9,115.8,258.3,131.7,265.8,139.2,268.5,83.1,261.0,72.6,253.2,93.0,250.2,95.7,245.1,64.8,210.9,112.8,220.79999999999998,130.5,228.29999999999998,136.2,218.1,69.3,209.1,93.6,189.0,112.5,181.79999999999998,132.29999999999998,186.9,141.29999999999998,195.29999999999998,78.0
labeled-data/Sample4/0380.png,,,,,,,252.0,124.8,246.29999999999998,131.1,260.4,115.5,258.3,131.7,265.8,139.2,269.4,83.1,261.59999999999997,72.6,254.1,93.0,251.39999999999998,95.39999999999999,245.7,64.8,210.9,112.8,220.79999999999998,130.5,229.2,136.79999999999998,219.9,69.6,210.29999999999998,94.2,189.6,113.1,181.79999999999998,132.0,186.9,141.29999999999998,196.5,78.0
labeled-data/Sample4/0381.png,,,,,264.9,115.19999999999999,,,251.7,131.1,260.09999999999997,115.19999999999999,258.3,131.7,265.8,139.2,271.2,83.1,263.4,72.89999999999999,256.5,93.0,251.7,96.6,247.2,64.8,211.79999999999998,113.7,221.4,131.4,229.2,136.79999999999998,221.7,69.6,210.29999999999998,94.2,191.1,113.7,182.1,132.0,186.9,141.29999999999998,198.29999999999998,78.6
labeled-data/Sample4/0382.png,,,,,268.8,113.39999999999999,,,,,260.09999999999997,115.19999999999999,258.3,131.7,265.8,139.2,273.9,81.89999999999999,264.9,72.3,258.0,93.0,253.2,95.7,248.39999999999998,64.5,211.79999999999998,114.89999999999999,221.4,131.4,229.2,136.79999999999998,222.9,69.89999999999999,212.7,93.89999999999999,192.0,114.3,183.29999999999998,132.0,186.9,141.29999999999998,199.5,78.6
labeled-data/Sample4/0383.png,,,,,270.9,113.39999999999999,265.5,124.19999999999999,263.4,131.1,261.0,115.8,258.3,131.7,265.8,139.2,274.5,82.5,266.4,72.3,259.8,93.0,253.79999999999998,95.7,250.5,64.5,211.79999999999998,114.89999999999999,221.4,131.7,229.2,136.79999999999998,224.1,69.6,212.7,93.89999999999999,192.6,113.7,183.6,131.7,186.9,141.29999999999998,201.29999999999998,78.6
labeled-data/Sample4/0384.png,,,,,272.7,112.8,269.7,124.19999999999999,268.5,132.29999999999998,261.3,115.8,258.3,131.7,265.8,139.2,275.09999999999997,82.8,267.0,72.3,260.4,92.7,254.7,95.7,250.5,64.5,213.29999999999998,114.89999999999999,222.0,131.7,229.2,136.79999999999998,225.6,69.89999999999999,213.9,94.5,193.5,113.39999999999999,184.5,130.5,186.9,141.29999999999998,202.2,78.6
labeled-data/Sample4/0385.png,,,,,274.2,112.5,274.2,124.5,273.0,132.6,261.59999999999997,115.8,258.3,131.7,265.8,139.2,277.2,84.3,269.7,73.2,261.59999999999997,92.1,255.6,95.7,252.89999999999998,65.39999999999999,213.29999999999998,114.89999999999999,222.29999999999998,131.7,229.2,136.79999999999998,227.1,69.89999999999999,214.5,94.5,194.4,113.39999999999999,184.79999999999998,129.9,186.9,141.29999999999998,202.79999999999998,78.6
labeled-data/Sample4/0386.png,,,,,275.4,112.5,279.3,124.5,278.7,133.2,262.2,115.8,258.3,131.7,265.8,139.2,278.09999999999997,85.2,271.8,73.2,262.2,92.7,256.2,95.7,254.39999999999998,64.8,213.6,114.89999999999999,222.29999999999998,131.7,229.2,136.79999999999998,227.7,69.89999999999999,216.9,93.89999999999999,195.6,113.39999999999999,186.0,129.9,186.9,141.29999999999998,204.6,78.3
labeled-data/Sample4/0387.png,,,,,279.9,111.6,282.3,124.8,283.5,133.79999999999998,262.2,115.8,259.2,130.79999999999998,265.8,139.2,280.2,86.1,273.3,73.2,263.7,93.0,257.4,95.7,254.39999999999998,64.8,214.5,114.89999999999999,222.29999999999998,132.0,229.2,136.79999999999998,230.1,69.89999999999999,219.6,94.2,197.7,112.8,188.7,128.7,187.5,138.9,205.5,78.0
labeled-data/Sample4/0388.png,,,,,282.0,110.39999999999999,285.59999999999997,125.1,,,262.8,115.8,259.2,130.79999999999998,265.8,139.2,280.2,86.1,275.4,73.2,265.5,93.0,259.2,95.7,257.09999999999997,64.8,214.5,114.3,222.9,132.6,229.2,136.79999999999998,232.2,69.6,221.1,93.3,199.2,110.1,191.4,128.7,189.0,138.6,206.1,77.7
labeled-data/Sample4/0389.png,,,,,284.09999999999997,111.0,287.7,125.39999999999999,,,263.7,115.19999999999999,259.2,130.79999999999998,265.8,139.2,281.4,86.1,277.8,73.2,265.8,93.0,261.59999999999997,96.3,258.59999999999997,65.7,215.1,111.89999999999999,221.4,131.7,229.2,136.79999999999998,232.79999999999998,69.6,222.29999999999998,94.2,199.79999999999998,109.2,194.4,128.4,191.1,136.79999999999998,208.2,76.5
labeled-data/Sample4/0390.png,,,,,286.2,111.0,,,,,265.2,115.19999999999999,259.2,130.79999999999998,265.8,139.2,283.8,86.1,278.7,73.2,267.0,93.0,263.09999999999997,96.3,259.5,65.7,216.0,111.89999999999999,221.4,131.7,229.2,136.79999999999998,234.89999999999998,69.6,225.0,93.3,201.29999999999998,108.89999999999999,197.1,128.4,192.6,135.29999999999998,209.7,76.8
labeled-data/Sample4/0391.png,,,,,287.4,110.7,,,,,265.8,114.6,259.2,130.79999999999998,265.8,139.2,283.8,86.1,280.2,73.5,267.3,93.0,264.3,96.3,260.4,65.7,216.29999999999998,112.2,221.4,131.7,229.2,136.79999999999998,236.1,69.6,227.4,94.2,203.1,109.5,200.7,128.7,194.7,132.9,210.0,76.5
labeled-data/Sample4/0392.png,,,,,,,,,,,266.4,114.3,260.4,129.9,265.8,139.2,285.9,86.1,281.4,73.5,267.9,93.0,264.9,96.3,262.5,64.5,216.9,112.2,221.4,131.7,229.2,136.79999999999998,237.6,69.3,230.1,93.6,206.1,109.2,202.79999999999998,128.4,198.0,132.9,211.2,76.2
labeled-data/Sample4/0393.png,,,,,,,,,,,266.7,114.6,260.4,129.9,265.8,139.2,287.7,86.1,283.2,74.1,269.09999999999997,93.0,265.5,96.3,264.9,65.39999999999999,217.5,111.0,221.4,131.7,229.2,136.79999999999998,239.1,69.0,231.89999999999998,92.39999999999999,207.9,109.5,205.2,128.1,200.1,132.9,215.1,75.6
labeled-data/Sample4/0394.png,,,,,,,,,,,267.0,114.6,260.4,129.9,265.8,139.2,,,284.09999999999997,74.1,270.9,93.0,265.5,96.3,264.9,65.39999999999999,218.1,111.3,221.4,131.7,229.2,136.79999999999998,240.6,68.1,234.0,91.8,208.79999999999998,109.5,208.79999999999998,128.1,204.0,132.9,216.9,75.0
labeled-data/Sample4/0395.png,,,,,,,,,,,267.9,114.3,261.9,129.0,265.8,139.2,,,285.59999999999997,73.2,272.4,93.6,266.7,96.3,266.09999999999997,65.39999999999999,219.29999999999998,111.3,221.4,131.7,229.2,136.79999999999998,241.5,67.8,236.39999999999998,91.5,212.4,109.2,212.4,127.5,207.9,133.2,217.79999999999998,74.39999999999999
labeled-data/Sample4/0396.png,,,,,,,,,,,269.09999999999997,114.0,262.8,129.0,265.8,139.2,,,286.2,73.2,273.9,93.6,266.7,96.3,268.5,65.39999999999999,219.6,111.3,222.6,131.1,229.2,136.79999999999998,242.7,67.2,239.39999999999998,90.3,215.1,109.2,215.4,127.19999999999999,212.4,133.2,218.7,74.1
labeled-data/Sample4/0397.png,,,,,,,,,,,270.3,114.0,262.8,129.0,265.8,139.2,,,287.09999999999997,73.2,273.9,93.6,269.4,96.3,268.5,65.39999999999999,,,223.2,130.5,229.2,136.79999999999998,243.89999999999998,67.2,241.2,90.3,217.79999999999998,109.2,219.0,126.89999999999999,217.2,134.1,220.2,73.5
labeled-data/Sample4/0398.png,,,,,,,,,,,271.5,113.39999999999999,264.0,129.0,265.8,139.2,,,,,276.0,93.3,273.59999999999997,96.3,271.5,65.39999999999999,,,,,229.2,136.79999999999998,246.6,66.6,243.29999999999998,89.1,220.79999999999998,108.3,223.2,126.89999999999999,222.0,134.4,221.7,73.5
labeled-data/Sample4/0399.png,,,,,,,,,,,271.5,113.39999999999999,264.0,129.0,265.8,139.2,,,,,278.7,92.1,274.8,96.3,272.4,65.39999999999999,,,223.2,129.6,,,247.79999999999998,66.6,244.79999999999998,88.8,222.6,108.0,227.4,126.3,227.7,135.0,223.2,73.5
labeled-data/Sample4/0400.png,,,,,,,,,,,272.4,113.39999999999999,264.0,129.0,265.8,139.2,,,,,280.2,93.0,275.09999999999997,96.3,274.8,64.8,,,223.5,129.29999999999998,228.6,136.2,248.7,66.6,245.7,88.8,225.29999999999998,109.5,230.7,126.3,232.2,135.6,225.0,72.89999999999999
labeled-data/Sample4/0401.png,,,,,,,,,,,273.3,114.3,265.5,128.4,266.7,138.0,,,,,280.5,93.3,276.0,96.3,276.3,65.1,223.5,108.89999999999999,223.5,129.29999999999998,229.2,136.79999999999998,250.5,66.6,247.79999999999998,88.2,228.6,109.8,234.6,126.6,237.29999999999998,134.7,228.0,72.89999999999999
labeled-data/Sample4/0402.png,,,,,,,,,,,277.5,114.6,267.59999999999997,127.19999999999999,267.0,138.0,,,,,282.0,93.3,276.0,96.3,278.09999999999997,65.1,223.79999999999998,110.1,223.5,129.29999999999998,229.2,136.79999999999998,252.0,66.89999999999999,249.29999999999998,87.6,231.29999999999998,110.1,238.5,126.6,242.39999999999998,134.7,228.6,72.89999999999999
labeled-data/Sample4/0403.png,,,,,,,,,,,280.5,114.0,270.3,127.8,267.3,137.4,,,,,283.5,93.3,277.8,96.3,279.9,64.2,224.7,108.3,224.1,129.29999999999998,229.2,136.79999999999998,253.79999999999998,66.6,249.89999999999998,87.6,234.0,110.1,241.79999999999998,126.89999999999999,248.1,135.0,229.5,72.89999999999999
labeled-data/Sample4/0404.png,,,,,,,,,,,285.0,114.3,274.2,127.8,269.09999999999997,136.5,,,,,285.3,93.6,280.2,96.3,280.8,63.9,225.6,109.5,224.1,129.29999999999998,229.2,136.79999999999998,254.39999999999998,66.89999999999999,251.7,87.0,237.29999999999998,109.8,246.29999999999998,127.5,253.2,135.9,231.6,72.89999999999999
labeled-data/Sample4/0405.png,,,,,,,,,,,,,278.4,128.1,270.3,135.29999999999998,,,,,286.8,93.6,280.8,96.3,281.7,63.9,225.6,109.5,224.1,129.29999999999998,229.2,136.79999999999998,255.6,66.6,253.79999999999998,86.7,241.2,110.39999999999999,249.6,128.7,254.7,135.6,232.5,72.89999999999999
labeled-data/Sample4/0406.png,,,,,,,,,,,,,282.3,127.8,273.9,134.1,,,,,,,282.3,96.3,284.4,63.3,225.6,109.5,224.1,129.29999999999998,229.2,136.79999999999998,256.8,66.6,256.5,86.7,244.79999999999998,110.7,253.5,128.7,258.3,135.6,232.5,72.89999999999999
labeled-data/Sample4/0407.png,,,,,,,,,,,,,285.9,127.5,277.5,132.6,,,,,,,284.7,95.7,285.59999999999997,63.3,225.9,109.5,224.1,129.29999999999998,229.2,136.79999999999998,258.59999999999997,66.89999999999999,256.5,87.3,246.89999999999998,110.7,256.5,129.29999999999998,263.7,136.79999999999998,234.0,72.89999999999999
labeled-data/Sample4/0408.png,,,,,,,,,,,,,,,281.7,132.29999999999998,,,,,,,287.09999999999997,95.7,286.2,63.3,226.79999999999998,109.5,224.1,129.29999999999998,229.2,136.79999999999998,259.2,67.2,257.7,87.3,252.0,111.89999999999999,259.5,129.6,267.59999999999997,137.4,236.7,74.1
labeled-data/Sample4/0409.png,,,,,,,,,,,,,,,285.9,132.0,,,,,,,,,287.09999999999997,63.0,228.0,110.1,224.1,129.29999999999998,229.2,136.79999999999998,261.0,67.5,258.9,87.6,252.89999999999998,112.5,263.4,129.9,270.3,137.7,237.89999999999998,74.39999999999999
labeled-data/Sample4/0410.png,,,,,,,,,,,,,,,,,,,,,,,,,,,229.2,109.8,224.1,129.29999999999998,229.2,136.79999999999998,261.3,67.5,259.2,88.5,256.5,112.8,265.8,130.5,273.59999999999997,137.7,239.1,74.7
labeled-data/Sample4/0411.png,,,,,,,,,,,,,,,,,,,,,,,,,,,230.1,110.1,224.1,129.29999999999998,229.2,136.79999999999998,263.4,67.8,260.4,87.89999999999999,257.09999999999997,112.8,267.9,131.1,276.59999999999997,137.7,239.39999999999998,75.3
labeled-data/Sample4/0412.png,,,,,,,,,,,,,,,,,,,,,,,,,,,230.1,110.1,224.1,129.29999999999998,229.2,136.79999999999998,264.9,68.39999999999999,261.59999999999997,87.89999999999999,259.2,113.39999999999999,269.09999999999997,131.4,278.4,137.7,241.2,75.89999999999999
labeled-data/Sample4/0413.png,,,,,,,,,,,,,,,,,,,,,,,,,,,230.7,110.1,224.1,128.7,229.2,136.79999999999998,266.09999999999997,68.39999999999999,263.09999999999997,87.6,259.5,113.39999999999999,270.59999999999997,131.4,278.4,138.29999999999998,241.79999999999998,76.8
labeled-data/Sample4/0414.png,,,,,,,,,,,,,,,,,,,,,,,,,,,231.29999999999998,110.1,225.0,128.4,229.2,136.79999999999998,267.3,67.5,263.7,87.6,261.0,113.39999999999999,269.09999999999997,132.0,278.4,138.29999999999998,243.89999999999998,76.8
labeled-data/Sample4/0415.png,,,,,,,,,,,,,,,,,,,,,,,,,,,233.7,109.2,225.6,128.1,229.2,136.79999999999998,269.4,68.39999999999999,265.5,87.0,261.0,113.39999999999999,269.09999999999997,132.0,277.5,138.29999999999998,245.39999999999998,76.8
labeled-data/Sample4/0416.png,,,,,,,,,,,,,,,,,,,,,,,,,,,234.89999999999998,109.8,226.5,127.8,229.2,136.79999999999998,270.59999999999997,68.39999999999999,267.0,88.2,261.0,113.39999999999999,269.09999999999997,132.0,277.5,137.4,246.29999999999998,76.8
labeled-data/Sample4/0417.png,,,,,,,,,,,,,,,,,,,,,,,,,,,235.2,109.8,227.1,127.19999999999999,229.2,136.79999999999998,273.0,68.39999999999999,268.2,88.2,261.0,113.39999999999999,269.09999999999997,132.0,277.5,137.4,247.79999999999998,76.5
labeled-data/Sample4/0418.png,,,,,,,,,,,,,,,,,,,,,,,,,,,236.39999999999998,109.2,227.7,126.3,229.2,136.79999999999998,273.9,68.1,270.59999999999997,89.1,261.0,113.39999999999999,269.09999999999997,132.0,277.5,137.4,249.29999999999998,76.2
labeled-data/Sample4/0419.png,,,,,,,,,,,,,,,,,,,,,,,,,,,236.7,108.89999999999999,228.9,125.69999999999999,229.2,136.79999999999998,275.4,68.1,271.8,89.1,261.0,113.39999999999999,268.5,132.29999999999998,277.5,137.4,249.89999999999998,76.2
labeled-data/Sample4/0420.png,,,,,,,,,,,,,,,,,,,,,,,,,,,237.6,108.6,230.7,124.8,229.79999999999998,134.7,276.59999999999997,67.8,272.7,89.39999999999999,262.2,113.39999999999999,268.5,132.29999999999998,277.5,137.4,251.7,76.2
labeled-data/Sample4/0421.png,,,,,,,,,,,,,,,,,,,,,,,,,,,239.7,107.39999999999999,233.39999999999998,124.8,231.6,132.9,278.09999999999997,67.8,274.8,89.1,263.09999999999997,113.39999999999999,268.5,132.29999999999998,277.5,137.4,253.2,75.6
labeled-data/Sample4/0422.png,,,,,,,,,,,,,,,,,,,,,,,,,,,241.79999999999998,106.5,236.39999999999998,125.39999999999999,232.79999999999998,131.1,279.59999999999997,67.2,275.7,88.8,264.59999999999997,112.8,268.5,132.29999999999998,277.5,137.4,254.1,75.3
labeled-data/Sample4/0423.png,,,,,,,,,,,,,,,,,,,,,,,,,,,243.6,105.89999999999999,238.5,124.8,234.29999999999998,130.5,280.8,67.2,276.0,91.8,264.9,112.8,268.5,132.29999999999998,277.5,137.4,255.0,74.39999999999999
labeled-data/Sample4/0424.png,,,,,,,,,,,,,,,,,,,,,,,,,,,244.79999999999998,105.0,241.79999999999998,124.8,237.6,129.6,281.09999999999997,67.2,276.0,90.89999999999999,266.7,112.8,268.5,132.29999999999998,277.5,137.4,256.5,74.1
labeled-data/Sample4/0425.png,,,,,,,,,,,,,,,,,,,,,,,,,,,246.6,106.8,244.79999999999998,125.1,240.0,129.29999999999998,281.7,67.2,276.59999999999997,90.6,266.7,112.8,268.5,132.29999999999998,277.5,137.4,258.9,73.8
labeled-data/Sample4/0426.png,,,,,,,,,,,,,,,,,,,,,,,,,,,249.0,107.39999999999999,247.5,125.1,244.79999999999998,129.9,282.9,67.2,278.4,90.0,267.0,112.5,268.5,132.29999999999998,277.5,137.4,260.7,73.2
labeled-data/Sample4/0427.png,,,,,,,,,,,,,,,,,,,,,,,,,,,250.79999999999998,107.1,251.7,124.19999999999999,248.7,129.9,285.3,66.6,280.5,89.7,267.0,112.5,268.5,132.29999999999998,277.5,137.4,262.8,72.6
labeled-data/Sample4/0428.png,,,,,,,,,,,,,,,,,,,,,,,,,,,252.6,107.1,254.39999999999998,124.5,253.5,131.4,287.4,66.0,280.5,90.0,267.59999999999997,112.2,269.09999999999997,132.29999999999998,277.5,137.4,264.3,72.6
labeled-data/Sample4/0429.png,,,,,,,,,,,,,,,,,,,,,,,,,,,255.0,106.8,258.0,125.1,258.59999999999997,132.29999999999998,,,281.4,90.0,268.8,112.2,269.7,132.29999999999998,277.5,137.4,264.59999999999997,72.6
labeled-data/Sample4/0430.png,,,,,,,,,,,,,,,,,,,,,,,,,,,257.7,106.8,261.59999999999997,125.1,262.5,132.6,,,283.5,89.39999999999999,268.8,112.2,269.7,132.0,277.5,137.4,266.09999999999997,72.6
labeled-data/Sample4/0431.png,,,,,,,,,,,,,,,,,,,,,,,,,,,261.59999999999997,107.39999999999999,264.9,124.8,,,,,285.9,88.2,269.09999999999997,110.39999999999999,269.7,131.7,277.5,137.4,267.0,72.6
labeled-data/Sample4/0432.png,,,,,,,,,,,,,,,,,,,,,,,,,,,263.7,107.39999999999999,,,,,,,287.7,86.7,269.7,110.39999999999999,269.7,131.7,277.5,137.4,267.9,72.6
labeled-data/Sample4/0433.png,,,,,,,,,,,,,,,,,,,,,,,,,,,,,274.5,125.1,279.0,132.9,,,,,270.0,110.39999999999999,269.7,131.1,277.5,137.4,269.09999999999997,72.6
labeled-data/Sample4/0434.png,,,,,,,,,,,,,,,,,,,,,,,,,,,,,277.5,124.8,281.7,132.9,,,,,270.3,110.39999999999999,270.0,130.5,277.5,137.4,270.9,72.0
labeled-data/Sample4/0435.png,,,,,,,,,,,,,,,,,,,,,,,,,,,,,281.4,125.1,285.9,133.5,,,,,270.59999999999997,110.39999999999999,270.0,130.5,277.5,137.4,272.4,71.39999999999999
labeled-data/Sample4/0436.png,,,,,,,,,,,,,,,,,,,,,,,,,,,,,285.3,125.69999999999999,,,,,,,272.4,110.1,270.0,130.5,277.5,137.4,273.9,71.39999999999999
labeled-data/Sample4/0437.png,,,,,,,,,,,,,,,,,,,,,,,,,,,,,,,,,,,,,273.3,110.1,270.0,130.5,277.5,137.4,274.2,71.39999999999999
labeled-data/Sample4/0438.png,,,,,,,,,,,,,,,,,,,,,,,,,,,281.7,109.2,,,,,,,,,273.3,110.1,270.3,130.5,277.5,137.4,274.8,72.6
labeled-data/Sample4/0439.png,,,,,,,,,,,,,,,,,,,,,,,,,,,283.8,109.2,,,,,,,,,274.8,109.8,270.59999999999997,130.5,277.5,137.4,276.59999999999997,72.6
labeled-data/Sample4/0440.png,,,,,,,,,,,,,,,,,,,,,,,,,,,285.0,108.6,,,,,,,,,275.09999999999997,109.8,271.2,130.2,277.5,137.4,277.8,72.89999999999999
labeled-data/Sample4/0441.png,,,,,,,,,,,,,,,,,,,,,,,,,,,287.4,108.3,,,,,,,,,275.4,109.8,271.5,129.0,277.5,137.4,279.0,72.89999999999999
labeled-data/Sample4/0442.png,,,,,,,,,,,,,,,,,,,,,,,,,,,,,,,,,,,,,276.3,109.8,271.2,129.0,277.5,137.4,279.0,72.89999999999999
labeled-data/Sample4/0443.png,,,,,,,,,,,,,,,,,,,,,,,,,,,,,,,,,,,,,276.59999999999997,109.8,270.9,130.2,277.5,137.4,280.5,73.2
labeled-data/Sample4/0444.png,,,,,,,,,,,,,,,,,,,,,,,,,,,,,,,,,,,,,277.8,110.7,270.9,130.2,277.5,137.4,281.7,75.3
labeled-data/Sample4/0445.png,,,,,,,,,,,,,,,,,,,,,,,,,,,,,,,,,,,,,280.5,110.39999999999999,270.9,130.2,277.5,137.4,283.2,77.39999999999999
labeled-data/Sample4/0446.png,,,,,,,,,,,,,,,,,,,,,,,,,,,,,,,,,,,,,280.5,110.39999999999999,270.9,130.2,277.5,137.4,284.7,77.39999999999999
labeled-data/Sample4/0447.png,,,,,,,,,,,,,,,,,,,,,,,,,,,,,,,,,,,,,281.7,110.7,271.5,129.0,277.5,137.4,285.0,76.8
labeled-data/Sample4/0448.png,,,,,,,,,,,,,,,,,,,,,,,,,,,,,,,,,,,,,281.7,110.7,271.8,129.0,277.5,137.4,286.2,76.2
labeled-data/Sample4/0449.png,,,,,,,,,,,,,,,,,,,,,,,,,,,,,,,,,,,,,282.3,110.7,271.8,129.0,277.5,137.4,287.4,76.2
labeled-data/Sample4/0450.png,,,,,,,,,,,,,,,,,,,,,,,,,,,,,,,,,,,,,284.09999999999997,110.39999999999999,273.0,129.0,277.5,137.4,,
labeled-data/Sample4/0451.png,,,,,,,,,,,,,,,,,,,,,,,,,,,,,,,,,,,,,285.59999999999997,109.8,274.8,127.8,277.5,137.4,,
labeled-data/Sample4/0452.png,,,,,,,,,,,,,,,,,,,,,,,,,,,,,,,,,,,,,285.3,108.0,275.7,127.19999999999999,277.5,137.4,,
labeled-data/Sample4/0453.png,,,,,,,,,,,,,,,,,,,,,,,,,,,,,,,,,,,,,286.8,107.7,277.5,126.3,277.5,137.4,,
labeled-data/Sample4/0454.png,,,,,,,,,,,,,,,,,,,,,,,,,,,,,,,,,,,,,,,281.7,126.3,280.2,135.0,,
labeled-data/Sample4/0455.png,,,,,,,,,,,,,,,,,,,,,,,,,,,,,,,,,,,,,,,284.4,126.0,282.0,134.7,,
labeled-data/Sample4/0456.png,,,,,,,,,,,,,,,,,,,,,,,,,,,,,,,,,,,,,,,287.09999999999997,126.0,282.59999999999997,134.7,,
labeled-data/Sample4/0457.png,,,,,,,,,,,,,,,,,,,,,,,,,,,,,,,,,,,,,,,,,287.4,132.9,,
labeled-data/Sample4/0458.png,,,,,,,,,,,,,,,,,,,,,,,,,,,,,,,,,,,,,,,,,,,,
labeled-data/Sample4/0459.png,,,,,,,,,,,,,,,,,,,,,,,,,,,,,,,,,,,,,,,,,,,,
